latitude,longitude,elevation,utc_offset_seconds,timezone,timezone_abbreviation,,
28.576448,77.18678,231,19800,Asia/Kolkata,GMT+5:30,,
,,,,,,,
time,temperature_2m (°C),relative_humidity_2m (%),wind_speed_10m (km/h),wind_direction_10m (°),surface_pressure (hPa),precipitation (mm),boundary_layer_height (m)
2026-05-29T00:00,28.1,52,1.7,319,976.1,0,35
2026-05-29T01:00,28.3,51,6.8,32,976.5,0,170
2026-05-29T02:00,27.8,60,5.9,63,976.5,0,205
2026-05-29T03:00,26.8,71,5.8,86,976.4,0,170
2026-05-29T04:00,26.5,73,9.2,118,977.4,0,335
2026-05-29T05:00,26,69,11.6,109,977.2,0,490
2026-05-29T06:00,26.1,69,13.5,106,978.4,0,520
2026-05-29T07:00,27,67,15.5,126,979.3,0,640
2026-05-29T08:00,28.1,66,14.4,121,979.6,0,615
2026-05-29T09:00,29.7,63,13.7,120,979.7,0,680
2026-05-29T10:00,31.3,58,12.2,121,979.7,0,815
2026-05-29T11:00,33.5,50,15.3,129,979.2,0,1030
2026-05-29T12:00,32.7,50,12.4,137,979.3,0.1,730
2026-05-29T13:00,30.9,54,10.5,143,978.8,0.4,490
2026-05-29T14:00,32.8,51,8.9,137,978.6,0,1045
2026-05-29T15:00,31.7,53,8.9,118,978.1,0.2,610
2026-05-29T16:00,32,52,9.3,118,977.6,0.3,550
2026-05-29T17:00,33.8,43,15.4,175,976.8,0,1195
2026-05-29T18:00,33.2,45,8.3,156,977.4,0,920
2026-05-29T19:00,32.6,47,8.1,162,977.7,0,800
2026-05-29T20:00,32.3,48,8.1,129,978.3,0,605
2026-05-29T21:00,31.8,48,7.7,126,979,0,555
2026-05-29T22:00,31.3,47,9.9,128,979.6,0,455
2026-05-29T23:00,29.3,51,15.5,138,979,0,705
2026-05-30T00:00,27.8,58,13.6,131,979.2,0,625
2026-05-30T01:00,26.9,61,12,134,978.8,0,545
2026-05-30T02:00,26.3,62,12.2,142,978.5,0,495
2026-05-30T03:00,25.9,64,8.9,156,978.8,0,410
2026-05-30T04:00,25.3,68,6.9,152,979.3,0,360
2026-05-30T05:00,24.7,76,10.3,140,978.5,0,370
2026-05-30T06:00,24.8,76,8.7,143,979.8,0,370
2026-05-30T07:00,25.9,71,9.8,133,980.8,0,480
2026-05-30T08:00,27.9,59,10.4,126,981.4,0,730
2026-05-30T09:00,30,49,12.6,134,981.2,0,790
2026-05-30T10:00,31.6,46,5.8,99,981.8,0,1315
2026-05-30T11:00,33,46,11.9,122,980.4,0,1380
2026-05-30T12:00,34.4,42,11.4,121,980.2,0,1540
2026-05-30T13:00,35.5,37,10.5,141,979.7,0,1870
2026-05-30T14:00,34.5,35,5.4,184,979.4,0.1,1840
2026-05-30T15:00,34,37,4.9,6,979.5,0.3,2025
2026-05-30T16:00,24.7,79,11.2,55,981.6,2.7,285
2026-05-30T17:00,24,89,8.5,72,979.5,1.4,240
2026-05-30T18:00,25.7,80,4.4,201,978.9,0.2,190
2026-05-30T19:00,26,78,2.4,107,979.1,0,190
2026-05-30T20:00,26.2,78,7.7,115,979.9,0,290
2026-05-30T21:00,25.8,82,9.6,113,980,0,300
2026-05-30T22:00,25.2,86,11.7,113,980.3,0,355
2026-05-30T23:00,24.7,68,12.7,113,979.9,0,360
2026-05-31T00:00,24.1,70,9.6,124,979.5,0,320
2026-05-31T01:00,23.9,72,6.3,129,980,0,300
2026-05-31T02:00,23.6,73,6.5,118,979.8,0,255
2026-05-31T03:00,23.5,73,6.8,122,979.7,0,250
2026-05-31T04:00,23.3,75,6.6,119,979.9,0,225
2026-05-31T05:00,23.9,78,11.3,141,980.6,0,420
2026-05-31T06:00,24.4,77,10,139,981.1,0,480
2026-05-31T07:00,25.6,72,10.5,147,981.8,0,530
2026-05-31T08:00,27.3,66,10.4,157,982.5,0,705
2026-05-31T09:00,29.1,59,10,159,982.7,0,1135
2026-05-31T10:00,30.6,51,8.8,157,982.5,0,1410
2026-05-31T11:00,32.2,43,8.3,153,983,0,2030
2026-05-31T12:00,32.5,43,5.9,133,982.6,0,2125
2026-05-31T13:00,32.7,42,5.6,112,982,0,2180
2026-05-31T14:00,33,41,4.7,97,981.2,0,2200
2026-05-31T15:00,33.1,41,5.5,79,980.4,0.1,2145
2026-05-31T16:00,31.1,46,12.9,50,980.1,0.6,1010
2026-05-31T17:00,26.1,80,10.6,114,980,0.1,340
2026-05-31T18:00,27.3,68,11.9,70,980.2,0,535
2026-05-31T19:00,26.8,68,6.4,79,980.6,0,505
2026-05-31T20:00,26.7,70,4.4,99,981.4,0,390
2026-05-31T21:00,26.4,72,3.6,72,981.8,0,330
2026-05-31T22:00,25.9,75,3,65,981.6,0,230
2026-05-31T23:00,26.5,73,2.4,99,981.3,0,185
2026-06-01T00:00,26.1,73,3.1,140,980.9,0,240
2026-06-01T01:00,25.7,76,2.3,148,980.6,0,210
2026-06-01T02:00,25.4,76,2.7,110,980.6,0,190
2026-06-01T03:00,25,78,2.9,97,980.5,0,180
2026-06-01T04:00,24.6,82,4.8,77,980.8,0,170
2026-06-01T05:00,24.7,86,5.2,131,980.9,0,180
2026-06-01T06:00,25.2,83,3.8,98,981.3,0,230
2026-06-01T07:00,26.5,76,4.9,88,982.3,0,320
2026-06-01T08:00,25.2,75,13.1,92,983.1,0.4,410
2026-06-01T09:00,27.5,66,6.8,122,982.9,0,305
2026-06-01T10:00,30,56,7.2,84,983,0,725
2026-06-01T11:00,32,43,10.2,126,982.7,0,1415
2026-06-01T12:00,31.2,46,7.8,112,982.6,0.6,1430
2026-06-01T13:00,32.4,42,6.9,97,981.8,0.1,1670
2026-06-01T14:00,32.7,41,6.5,93,980.6,0,1625
2026-06-01T15:00,33,40,5.8,92,979.9,0,1810
2026-06-01T16:00,33.1,39,5.3,78,979.3,0,1985
2026-06-01T17:00,32.4,42,10.2,80,978.7,0,1810
2026-06-01T18:00,31,49,8.9,84,979.1,0,1040
2026-06-01T19:00,29.7,57,5.6,88,979.8,0,260
2026-06-01T20:00,28.8,62,5.7,81,980.4,0,200
2026-06-01T21:00,28.3,63,4.9,96,980.9,0,155
2026-06-01T22:00,27.8,66,3.9,103,981.2,0,95
2026-06-01T23:00,28,65,6.6,111,980.8,0,195
2026-06-02T00:00,27.3,66,6.7,84,980.4,0,175
2026-06-02T01:00,26.6,69,7,77,980.5,0,220
2026-06-02T02:00,25.1,77,10.8,181,981.1,0.5,345
2026-06-02T03:00,24.6,80,4.9,114,980.7,0.1,115
2026-06-02T04:00,24.4,80,5.5,81,980.6,0,105
2026-06-02T05:00,26.3,74,6.1,212,981.4,0,360
2026-06-02T06:00,26,73,7.2,183,981.8,0,320
2026-06-02T07:00,27.2,66,3.4,106,981.8,0,275
2026-06-02T08:00,29.6,54,6.1,95,982.2,0,775
2026-06-02T09:00,31.4,47,7.6,85,982.3,0,1160
2026-06-02T10:00,33.3,40,7.9,91,982,0,1805
2026-06-02T11:00,34.5,33,9.3,100,981.9,0.1,2205
2026-06-02T12:00,35.3,30,7.6,102,980.9,0,2340
2026-06-02T13:00,36.2,28,7.1,117,980.2,0.1,2550
2026-06-02T14:00,36.3,28,7.6,128,979.2,0.1,2750
2026-06-02T15:00,36.5,28,7.3,134,978.3,0,2670
2026-06-02T16:00,35.9,29,6,139,977.8,0,2550
2026-06-02T17:00,32.5,46,5.8,175,977.9,0,1315
2026-06-02T18:00,32.4,47,5.8,182,977.6,0.1,1275
2026-06-02T19:00,31.9,49,3.5,168,978.1,0,1160
2026-06-02T20:00,31.6,52,4.2,155,978.5,0,950
2026-06-02T21:00,31.2,54,4.6,141,978.9,0,480
2026-06-02T22:00,30.8,55,3.7,119,979.3,0,350
2026-06-02T23:00,31,53,3.3,144,978.4,0,175
2026-06-03T00:00,30.5,59,2.2,171,978.5,0,85
2026-06-03T01:00,30.4,59,1.1,180,978.5,0,40
2026-06-03T02:00,30.1,60,1.8,143,978.2,0,55
2026-06-03T03:00,29.9,60,0.9,127,978.1,0,70
2026-06-03T04:00,29.5,60,1.4,130,978.1,0,95
2026-06-03T05:00,29.1,65,1.9,112,978.4,0,120
2026-06-03T06:00,29.7,59,4,93,978.4,0,150
2026-06-03T07:00,31,54,4.4,102,978.7,0,305
2026-06-03T08:00,32.7,47,4.5,104,978.8,0,1270
2026-06-03T09:00,34.3,40,3.1,87,978.7,0,1825
2026-06-03T10:00,35.6,35,4.2,72,978.4,0,1990
2026-06-03T11:00,35.4,33,6.4,80,978.1,0,2120
2026-06-03T12:00,36.6,32,7.5,60,977.7,0.1,2300
2026-06-03T13:00,37.3,31,6.8,55,976.9,0.1,2500
2026-06-03T14:00,37.9,29,6.6,49,975.7,0,2685
2026-06-03T15:00,38.4,26,6.7,31,974.8,0,2730
2026-06-03T16:00,37.8,27,6.5,360,974,0,2595
2026-06-03T17:00,38.5,26,9,64,973.3,0,2720
2026-06-03T18:00,36,33,9.9,92,973.9,0.1,850
2026-06-03T19:00,35.1,37,11.1,115,974.3,0.4,975
2026-06-03T20:00,34.7,38,7,103,974.7,0,775
2026-06-03T21:00,34.1,41,5.4,98,975.3,0,450
2026-06-03T22:00,33.2,45,4.6,135,975.5,0,290
2026-06-03T23:00,33.4,46,8.4,171,975.3,0,330
2026-06-04T00:00,32.2,50,5.6,165,975.2,0,230
2026-06-04T01:00,31.1,55,4.2,162,974.8,0,170
2026-06-04T02:00,30.4,57,4,185,974.5,0,135
2026-06-04T03:00,29.8,57,4.3,180,974.4,0,125
2026-06-04T04:00,29.3,58,4.3,178,974.5,0,110
2026-06-04T05:00,30.7,51,13,215,975,0,420
2026-06-04T06:00,30.9,49,2.4,81,974.8,0,210
2026-06-04T07:00,28.4,59,10.5,59,976.5,0.1,230
2026-06-04T08:00,31,50,7.5,143,975.9,0,205
2026-06-04T09:00,33.8,42,8.7,104,976.5,0,670
2026-06-04T10:00,34.5,42,10.2,113,976.5,0,700
2026-06-04T11:00,38.3,25,6.7,128,975.8,0,1760
2026-06-04T12:00,39.5,22,3.9,133,974.9,0.2,3160
2026-06-04T13:00,39,22,11.8,239,974.8,0,3150
2026-06-04T14:00,39.1,23,10.1,260,974,0.1,2905
2026-06-04T15:00,38.5,25,10.7,338,973.7,0,2770
2026-06-04T16:00,37.5,30,11.3,18,973.4,0,2115
2026-06-04T17:00,34.4,34,7.6,98,973,0,540
2026-06-04T18:00,34.4,32,11.3,226,973.6,0,515
2026-06-04T19:00,29.9,50,14.8,260,974.7,0.1,290
2026-06-04T20:00,30,53,8.3,275,974.8,0.1,330
2026-06-04T21:00,29.9,54,8.1,273,975.8,0,380
2026-06-04T22:00,29.7,54,7.1,255,975.9,0,265
2026-06-04T23:00,28.1,55,13.4,332,976.5,0,570
2026-06-05T00:00,26.2,68,2.4,283,976.7,0.8,150
2026-06-05T01:00,25.4,85,2.6,106,975.2,1.2,60
2026-06-05T02:00,26,77,9,136,974.7,0,170
2026-06-05T03:00,26.3,74,4.9,152,974,0,120
2026-06-05T04:00,26.7,69,5.6,263,974.8,0,185
2026-06-05T05:00,25.1,85,13.9,268,975.6,0,460
2026-06-05T06:00,26.4,72,2.4,347,976.4,0,355
2026-06-05T07:00,27,67,1.8,24,976.7,0,295
2026-06-05T08:00,28.4,59,1.6,186,977.4,0,510
2026-06-05T09:00,29.5,53,4.8,15,978.4,0,905
2026-06-05T10:00,31.2,47,4.9,354,978.3,0,930
2026-06-05T11:00,32.2,42,8,326,978.2,0,820
2026-06-05T12:00,32.9,41,9,348,978.2,0,1380
2026-06-05T13:00,34,41,9.5,358,977.3,0,1510
2026-06-05T14:00,33.8,43,8.3,20,976.7,0,1340
2026-06-05T15:00,33.4,45,8.3,24,976.1,0,1435
2026-06-05T16:00,33.7,45,6.8,27,975.4,0.1,1460
2026-06-05T17:00,34.7,42,3.5,51,974.8,0,1485
2026-06-05T18:00,34.2,43,3.6,30,974.9,0,1435
2026-06-05T19:00,33.5,47,4,360,975.3,0,1225
2026-06-05T20:00,32.8,51,3.1,13,975.8,0,660
2026-06-05T21:00,32.2,54,2.4,54,976.2,0,455
2026-06-05T22:00,31.8,56,3.6,90,976.6,0,345
2026-06-05T23:00,31.7,52,4,153,976.4,0,220
2026-06-06T00:00,30.5,59,3.5,125,976.1,0,130
2026-06-06T01:00,29.8,65,4.6,132,975.8,0,125
2026-06-06T02:00,29.2,69,4.2,149,975.7,0,115
2026-06-06T03:00,28.8,71,3.6,160,976,0,95
2026-06-06T04:00,28.5,71,4.5,164,976.1,0,95
2026-06-06T05:00,29,66,4.4,212,976.1,0,115
2026-06-06T06:00,29.6,62,4,212,976.8,0,135
2026-06-06T07:00,31.4,54,2.8,230,977.6,0,230
2026-06-06T08:00,33.5,46,2.2,256,978.1,0,675
2026-06-06T09:00,35.4,40,3.3,279,978.3,0,1615
2026-06-06T10:00,37,35,3.4,302,978.1,0,1975
2026-06-06T11:00,38.6,30,6.3,285,978,0,3140
2026-06-06T12:00,39.4,27,6.8,310,977.3,0,3020
2026-06-06T13:00,40.3,23,6.6,325,976.3,0,3185
2026-06-06T14:00,40.1,23,8.1,305,975.8,0,3130
2026-06-06T15:00,39.9,24,8.9,308,975.2,0,2995
2026-06-06T16:00,39.2,25,12.1,290,975,0,2935
2026-06-06T17:00,35.3,37,12.5,152,974.1,0,305
2026-06-06T18:00,34.8,38,8.6,170,974.8,0,775
2026-06-06T19:00,34.5,34,5.1,207,975.1,0,205
2026-06-06T20:00,34.2,36,4.8,209,975.8,0,200
2026-06-06T21:00,33.9,37,6,217,976.1,0,165
2026-06-06T22:00,33.8,37,7.2,251,976.4,0,265
2026-06-06T23:00,32.7,40,11.7,253,976.8,0,515
2026-06-07T00:00,31.1,45,10.9,253,976.7,0,405
2026-06-07T01:00,30.1,50,10.3,258,976.5,0,365
2026-06-07T02:00,29.6,51,9.8,262,976.5,0,340
2026-06-07T03:00,29.1,52,8.7,263,976.4,0,280
2026-06-07T04:00,28.9,51,7.7,273,976.8,0,240
2026-06-07T05:00,29.1,55,6.9,277,976.8,0,195
2026-06-07T06:00,29.2,56,5.6,272,977.5,0,215
2026-06-07T07:00,30.5,51,6.1,275,978.1,0,290
2026-06-07T08:00,32.8,43,6.8,292,978.5,0,485
2026-06-07T09:00,31.7,44,20.5,322,979.6,0.1,700
2026-06-07T10:00,32.1,44,5.9,40,978.2,0.1,285
2026-06-07T11:00,38.2,29,5.4,304,978.4,0,2145
2026-06-07T12:00,38.8,28,5.5,311,977.6,0.1,2800
2026-06-07T13:00,39.8,26,5.5,302,976.6,0,3090
2026-06-07T14:00,40.4,22,7.5,281,975.6,0,3185
2026-06-07T15:00,40.4,21,11.4,275,974.8,0,3115
2026-06-07T16:00,39.4,23,14.1,280,974.4,0,2650
2026-06-07T17:00,34.8,45,20.9,267,974.2,0,555
2026-06-07T18:00,34.6,45,5.8,97,973.8,0.1,155
2026-06-07T19:00,32.4,53,11.2,118,974.2,0,190
2026-06-07T20:00,32.3,51,7.6,184,974.5,0,115
2026-06-07T21:00,32.3,50,5.3,208,974.9,0,100
2026-06-07T22:00,31.9,52,4.3,165,975.2,0,95
2026-06-07T23:00,32.8,46,11.6,246,974.8,0,480
2026-06-08T00:00,32.5,43,11.2,258,974.7,0,400
2026-06-08T01:00,31.6,44,9.7,259,974.5,0,295
2026-06-08T02:00,30.9,45,9.3,262,974.3,0,260
2026-06-08T03:00,30.4,46,9.1,260,974.2,0,210
2026-06-08T04:00,29.9,47,9.1,262,974.4,0,205
2026-06-08T05:00,30.5,52,9.7,268,974.8,0,280
2026-06-08T06:00,30.7,53,9.2,269,975.2,0,325
2026-06-08T07:00,32.1,49,9.5,271,975.7,0,470
2026-06-08T08:00,34.2,42,10.7,277,976.2,0,625
2026-06-08T09:00,36.2,38,11.3,280,976.2,0,960
2026-06-08T10:00,38.1,32,12,289,976,0,1320
2026-06-08T11:00,40,25,10.8,280,975.9,0,3655
2026-06-08T12:00,41.1,20,12.1,282,975.2,0,3820
2026-06-08T13:00,41.4,17,13.9,287,974.3,0,3465
2026-06-08T14:00,41.7,14,12.5,290,973.4,0,3350
2026-06-08T15:00,42.1,14,14.2,297,973,0,3630
2026-06-08T16:00,41.7,14,14.5,305,972.4,0,3205
2026-06-08T17:00,41.7,16,17.6,292,971.8,0,3480
2026-06-08T18:00,41.3,14,14.7,288,971.8,0,3440
2026-06-08T19:00,40.2,17,14.1,280,971.9,0,1630
2026-06-08T20:00,38.8,20,8.8,317,972.5,0,540
2026-06-08T21:00,37.2,26,3.6,333,973,0,240
2026-06-08T22:00,36.4,29,1.8,264,973.3,0,105
2026-06-08T23:00,35.4,30,6.2,248,973.1,0,105
2026-06-09T00:00,33.9,33,5.9,250,972.8,0,90
2026-06-09T01:00,32.9,35,6,233,972.4,0,80
2026-06-09T02:00,32.5,35,4.6,244,972.2,0,70
2026-06-09T03:00,32.1,34,4.5,256,972.4,0,75
2026-06-09T04:00,31.6,34,8.5,241,972.8,0,160
2026-06-09T05:00,31.7,42,10.2,240,972.6,0,285
2026-06-09T06:00,32.1,45,8.6,254,973.1,0,360
2026-06-09T07:00,33.6,47,10.7,263,973.7,0,475
2026-06-09T08:00,35.5,43,11,271,973.8,0,555
2026-06-09T09:00,37.5,38,10.3,276,974,0,835
2026-06-09T10:00,39.4,31,9.9,285,974,0,1690
2026-06-09T11:00,41.9,20,9.2,290,973.7,0,3860
2026-06-09T12:00,42.5,17,13.1,303,973.4,0,3550
2026-06-09T13:00,42.6,15,14.7,301,972.7,0,3505
2026-06-09T14:00,43,14,15.4,302,972.1,0,3595
2026-06-09T15:00,42.9,14,17.3,301,971.6,0,3540
2026-06-09T16:00,42.3,14,16.9,294,971.3,0,3425
2026-06-09T17:00,42.1,16,16.9,279,970.7,0,3475
2026-06-09T18:00,40.8,17,18.7,272,971.2,0,2755
2026-06-09T19:00,38.8,22,15.1,271,971.9,0,1105
2026-06-09T20:00,38.3,23,8.3,271,972.3,0,395
2026-06-09T21:00,37.2,26,2.8,235,972.3,0,100
2026-06-09T22:00,36.5,27,4,207,972.5,0,90
2026-06-09T23:00,36.8,25,6.8,270,973.3,0,420
2026-06-10T00:00,35.3,28,9.7,255,972.9,0,240
2026-06-10T01:00,34.4,28,6.2,237,972.5,0,100
2026-06-10T02:00,33.7,29,6.7,246,972.1,0,105
2026-06-10T03:00,33.2,30,5.1,228,971.8,0,80
2026-06-10T04:00,32.7,31,8.2,238,972.3,0,160
2026-06-10T05:00,32.1,36,9,235,972.8,0,225
2026-06-10T06:00,31.3,45,8.4,203,973.6,0,490
2026-06-10T07:00,33,47,7.3,230,974,0,815
2026-06-10T08:00,35.4,46,11.4,263,974.3,0,1155
2026-06-10T09:00,37.1,40,14.1,266,974.4,0,1365
2026-06-10T10:00,38.8,35,13.2,276,974.4,0,1640
2026-06-10T11:00,40.7,25,14.4,279,974.2,0,2590
2026-06-10T12:00,41.4,23,12.3,278,973.6,0,2680
2026-06-10T13:00,42.1,21,11.6,277,972.6,0,2750
2026-06-10T14:00,42.6,19,12.3,282,971.7,0,2840
2026-06-10T15:00,42.3,18,14.8,269,971.4,0.4,3320
2026-06-10T16:00,41.2,21,14.6,250,971.2,0,2665
2026-06-10T17:00,43.6,18,14.8,264,970.1,0,4015
2026-06-10T18:00,42.9,16,13,273,970.3,0,3575
2026-06-10T19:00,41.4,19,5.8,263,970.7,0,3295
2026-06-10T20:00,40,21,4.6,193,970.8,0,390
2026-06-10T21:00,39.6,20,5.3,192,971.3,0,375
2026-06-10T22:00,38.7,21,4,210,971.9,0,245
2026-06-10T23:00,37.4,24,2.9,356,972.2,0,245
2026-06-11T00:00,36.6,30,0.6,214,972.1,0,255
2026-06-11T01:00,36.6,26,6.4,216,971.6,0,195
2026-06-11T02:00,35.8,29,4.5,247,971.6,0,510
2026-06-11T03:00,35.1,34,4.1,257,971.4,0,600
2026-06-11T04:00,34.6,39,3.2,267,971.6,0,665
2026-06-11T05:00,31.7,47,10.7,147,971.6,0,255
2026-06-11T06:00,30.5,49,11.9,122,972.9,0.1,340
2026-06-11T07:00,29.5,56,13,146,973.8,0.1,295
2026-06-11T08:00,31,54,13.9,137,974.2,0,400
2026-06-11T09:00,32.7,53,13.4,131,974.9,0,570
2026-06-11T10:00,34.7,47,13.8,140,974.8,0,740
2026-06-11T11:00,33.7,50,17.4,113,975.7,0,890
2026-06-11T12:00,34.3,50,16.1,124,975.3,0,960
2026-06-11T13:00,35.5,48,15.3,136,974.2,0,1115
2026-06-11T14:00,36.4,45,13.8,143,973.5,0,1205
2026-06-11T15:00,36.8,45,12.7,144,973.1,0,1160
2026-06-11T16:00,36.8,45,10.1,141,972.7,0,1190
2026-06-11T17:00,36.5,42,16.6,119,971.8,0,1030
2026-06-11T18:00,35.3,45,15.9,117,972.1,0,860
2026-06-11T19:00,34.1,49,16.6,103,972.6,0,750
2026-06-11T20:00,32.7,52,15.9,102,973.2,0,655
2026-06-11T21:00,32,54,15.8,88,974.8,0,785
2026-06-11T22:00,31.1,58,19.8,92,975.6,0,910
2026-06-11T23:00,27.4,75,13.6,35,976.5,0,450
2026-06-12T00:00,26.6,78,18.8,49,977.3,0,665
2026-06-12T01:00,26,83,17,53,976.8,0,650
2026-06-12T02:00,25.9,81,13.4,59,976.6,0.1,560
2026-06-12T03:00,24.6,89,17.1,93,977.1,2.7,470
2026-06-12T04:00,24.2,92,19.6,104,976.3,1.5,600
2026-06-12T05:00,23.6,93,7.3,351,977.8,0,680
2026-06-12T06:00,23.3,93,18.3,97,978.5,2.4,575
2026-06-12T07:00,24.1,88,15.6,102,979.2,0.4,610
2026-06-12T08:00,25.7,79,16.6,111,979.6,0,640
2026-06-12T09:00,27.4,73,16,111,979.7,0,800
2026-06-12T10:00,29,66,16,114,979.6,0,905
2026-06-12T11:00,30.4,60,15.4,120,980,0,1050
2026-06-12T12:00,31.3,57,15.9,112,979.8,0,1230
2026-06-12T13:00,31.7,55,13.6,119,979.4,0,1310
2026-06-12T14:00,32.2,54,12.1,128,978.7,0,1410
2026-06-12T15:00,32.2,54,10.1,129,978.1,0,1380
2026-06-12T16:00,32.6,53,6.7,126,977.8,0,1530
2026-06-12T17:00,29.6,65,4.2,265,977.5,0,100
2026-06-12T18:00,25.5,87,12.3,55,978,0.8,135
2026-06-12T19:00,26.1,86,3.2,322,977.4,0.2,85
2026-06-12T20:00,26.6,82,8.8,75,978.2,0,135
2026-06-12T21:00,26.8,78,7.9,106,978.9,0,160
2026-06-12T22:00,26.8,77,8.4,100,979.1,0,165
2026-06-12T23:00,26.2,78,8.8,175,979.9,0,175
2026-06-13T00:00,25.9,80,4.5,203,979.6,0,100
2026-06-13T01:00,25.8,82,5.4,130,978.6,0,85
2026-06-13T02:00,25.4,84,6.9,120,977.6,0.5,90
2026-06-13T03:00,25.3,85,4,240,977.5,0.2,75
2026-06-13T04:00,25.2,86,4,3,978.8,0,75
2026-06-13T05:00,25,83,8.3,276,979.4,0,295
2026-06-13T06:00,24.8,84,6.7,261,979.8,0,265
2026-06-13T07:00,25.8,80,5.3,237,980.3,0,290
2026-06-13T08:00,26.5,75,1.8,217,980.3,0,265
2026-06-13T09:00,27.3,70,3.7,79,980.1,0,295
2026-06-13T10:00,28.6,64,6.3,77,980.1,0,510
2026-06-13T11:00,30.5,55,3,76,980.3,0,520
2026-06-13T12:00,31,55,3.6,357,979.9,0,680
2026-06-13T13:00,32.3,51,2.5,8,979.5,0,1200
2026-06-13T14:00,32.7,49,3.1,31,979.1,0,1165
2026-06-13T15:00,33,47,2,5,978.4,0,1390
2026-06-13T16:00,32.9,47,1.7,18,977.5,0,1385
2026-06-13T17:00,33.7,43,2.1,149,977.5,0,55
2026-06-13T18:00,32.4,54,5.4,92,977.1,0,80
2026-06-13T19:00,30.3,66,4,93,977,0,90
2026-06-13T20:00,29.7,70,2.5,172,977.3,0,40
2026-06-13T21:00,29.3,73,0.5,135,977.6,0,15
2026-06-13T22:00,28.4,78,2.3,113,977.6,0,30
2026-06-13T23:00,28.6,72,4.6,225,977.4,0,60
2026-06-14T00:00,27.8,72,4.7,220,977,0,60
2026-06-14T01:00,27.2,71,5.2,209,976.8,0,60
2026-06-14T02:00,26.7,71,5.9,218,976.5,0,90
2026-06-14T03:00,26.3,73,5.5,229,976.6,0,85
2026-06-14T04:00,26,75,5.3,246,976.8,0,75
2026-06-14T05:00,26.8,82,3.3,279,977.1,0,45
2026-06-14T06:00,27.5,78,3.7,349,977.6,0,45
2026-06-14T07:00,28.6,76,2.7,28,977.9,0,140
2026-06-14T08:00,30,71,0.2,180,978.4,0,280
2026-06-14T09:00,31.6,65,1.6,264,978.5,0,515
2026-06-14T10:00,33,58,2.4,279,978.3,0,1020
2026-06-14T11:00,34.8,45,2.7,266,977.9,0,1725
2026-06-14T12:00,36,40,3.6,264,977.2,0,2030
2026-06-14T13:00,36.8,36,6.5,270,976.3,0,2340
2026-06-14T14:00,35.6,36,10.1,299,975.9,0.2,1450
2026-06-14T15:00,35.3,36,8.6,296,975.2,0,570
2026-06-14T16:00,34.7,40,10.8,298,975,0.1,1735
2026-06-14T17:00,36.1,39,4.6,301,973.6,0.2,1660
2026-06-14T18:00,35.1,44,4.9,336,973.7,0,50
2026-06-14T19:00,33.2,56,1,149,974,0,15
2026-06-14T20:00,32.1,62,3,65,974.6,0,50
2026-06-14T21:00,30.5,70,4.6,103,975.3,0,75
2026-06-14T22:00,29.8,74,3.4,137,975.8,0,50
2026-06-14T23:00,30,70,8.9,204,975.9,0,195
2026-06-15T00:00,29.5,51,10.1,243,975.8,0,310
2026-06-15T01:00,29.1,52,10.3,247,975.7,0,420
2026-06-15T02:00,28.6,54,9,250,975.5,0,335
2026-06-15T03:00,28.1,56,7.8,265,975.4,0,240
2026-06-15T04:00,27.8,58,7.4,267,975.8,0,195
2026-06-15T05:00,27.5,62,7.1,291,976.3,0,165
2026-06-15T06:00,28,63,5.9,288,976.9,0,150
2026-06-15T07:00,29.2,60,7.2,283,977.8,0,310
2026-06-15T08:00,30.8,54,8.1,287,978.2,0,545
2026-06-15T09:00,32.6,46,8.4,313,978.4,0,795
2026-06-15T10:00,34.3,43,7.9,313,978.6,0,1320
2026-06-15T11:00,35.1,40,9.8,311,977.7,0,1575
2026-06-15T12:00,35.7,38,10.6,313,977.3,0,1855
2026-06-15T13:00,36.3,36,10.1,305,976.7,0,2225
2026-06-15T14:00,34.6,39,18.8,297,976.9,0,1995
2026-06-15T15:00,30.5,55,9.7,309,977.4,0.8,495
2026-06-15T16:00,31.6,53,6.4,310,976,0.5,620
2026-06-15T17:00,29.4,62,5.9,259,975.4,0,340
2026-06-15T18:00,29.7,62,5.4,358,975.6,0,320
2026-06-15T19:00,29.1,59,5.4,360,976.4,0,170
2026-06-15T20:00,28.7,62,2.9,330,977.2,0,95
2026-06-15T21:00,28.6,63,0.8,243,977.8,0,20
2026-06-15T22:00,27.4,66,4,201,978.1,0,40
2026-06-15T23:00,26.5,65,8.4,214,978.2,0,95
2026-06-16T00:00,26.1,67,5.6,230,977.6,0,65
2026-06-16T01:00,25.8,71,4.3,228,977.4,0,50
2026-06-16T02:00,25.5,75,3.3,216,976.9,0,35
2026-06-16T03:00,25.2,78,3.8,262,977.1,0,40
2026-06-16T04:00,25.4,76,4.5,284,977.3,0,50
2026-06-16T05:00,25.7,74,1.3,286,976.8,0.1,20
2026-06-16T06:00,26.4,71,1.9,343,977.9,0,15
2026-06-16T07:00,27.8,66,17.5,253,979.8,0,530
2026-06-16T08:00,28.1,65,6.5,267,979.7,0,190
2026-06-16T09:00,29.6,58,10.5,257,980.4,0,400
2026-06-16T10:00,29.8,55,9.4,266,980.8,0,405
2026-06-16T11:00,26.6,75,10.7,258,980.8,0,195
2026-06-16T12:00,27.7,65,7.2,284,980.1,0.5,230
2026-06-16T13:00,29.4,53,3.8,197,979.4,0,280
2026-06-16T14:00,29.2,54,5.2,229,978.3,0,220
2026-06-16T15:00,31,51,5.8,265,978.1,0,240
2026-06-16T16:00,32.3,44,4.5,310,977.5,0,365
2026-06-16T17:00,32,50,8.1,271,977.5,0,625
2026-06-16T18:00,31.1,55,9.5,279,977.8,0,630
2026-06-16T19:00,29.6,62,6.9,287,977.8,0,305
2026-06-16T20:00,28.6,69,4.1,283,977.8,0,135
2026-06-16T21:00,28.3,71,3.8,315,978.3,0,105
2026-06-16T22:00,28,72,3.6,307,978.8,0,80
2026-06-16T23:00,27.3,69,9,244,979.2,0,165
2026-06-17T00:00,26.6,70,6.2,263,978.8,0,135
2026-06-17T01:00,26.1,73,4.4,282,978.3,0,95
2026-06-17T02:00,25.5,75,6.1,251,978.4,0,145
2026-06-17T03:00,25,77,5.9,258,978.6,0,125
2026-06-17T04:00,24.7,77,7.1,277,978.7,0,140
2026-06-17T05:00,25.2,79,6.6,261,978.9,0,115
2026-06-17T06:00,25.8,76,5.8,286,979.6,0,145
2026-06-17T07:00,27.1,72,3.6,297,980,0,185
2026-06-17T08:00,28.9,64,3.4,313,980.1,0,320
2026-06-17T09:00,30.7,56,2.6,309,980.1,0,660
2026-06-17T10:00,32.2,50,2,275,980,0,905
2026-06-17T11:00,33.9,41,2.5,278,979.9,0,1285
2026-06-17T12:00,35.3,36,2.8,281,979.4,0,1630
2026-06-17T13:00,36.4,32,3.8,275,978.6,0,2140
2026-06-17T14:00,37,30,5.6,264,977.8,0,2410
2026-06-17T15:00,37.3,29,8.5,270,977,0,2470
2026-06-17T16:00,36.9,29,10.2,280,976.1,0,2320
2026-06-17T17:00,36.1,36,11.6,289,975.5,0,1600
2026-06-17T18:00,35.4,38,10.7,292,975.7,0,1360
2026-06-17T19:00,34.5,41,6.8,287,975.8,0,895
2026-06-17T20:00,33.8,45,4.3,292,976.3,0,335
2026-06-17T21:00,33.3,51,2.8,288,977,0,80
2026-06-17T22:00,32.9,54,2.1,308,977.5,0,45
2026-06-17T23:00,32.4,52,5.4,278,978.1,0,220
2026-06-18T00:00,31.6,55,5.1,280,978.1,0,215
2026-06-18T01:00,31.2,56,5.6,274,977.9,0,195
2026-06-18T02:00,30.6,59,3.7,309,977.4,0,180
2026-06-18T03:00,30.3,61,2.1,20,977.5,0,155
2026-06-18T04:00,29.8,64,1.3,106,977.3,0,45
2026-06-18T05:00,29.5,69,3,287,977.2,0,105
2026-06-18T06:00,30.1,63,4.2,280,977.4,0,115
2026-06-18T07:00,31.6,57,4.2,280,978.1,0,225
2026-06-18T08:00,33.7,48,3.9,292,978.6,0,935
2026-06-18T09:00,35.6,39,5.8,309,978.8,0,1875
2026-06-18T10:00,36.8,35,6.9,301,978.8,0,2170
2026-06-18T11:00,38,31,8.3,286,978.9,0,2550
2026-06-18T12:00,38.9,28,8.8,281,978.2,0,2685
2026-06-18T13:00,39.4,26,12.1,282,977.6,0,2760
2026-06-18T14:00,39,28,13.2,285,976.6,0,2615
2026-06-18T15:00,38.6,29,13.1,282,975.8,0,2300
2026-06-18T16:00,37.9,30,15.3,292,975.6,0.1,2240
2026-06-18T17:00,38.6,25,12.5,293,974.4,0,2200
2026-06-18T18:00,37.5,27,13,299,974.7,0,1745
2026-06-18T19:00,36.1,30,12.6,296,975.5,0,885
2026-06-18T20:00,35.3,32,11,295,976.2,0,690
2026-06-18T21:00,34.9,34,9.5,295,976.9,0,620
2026-06-18T22:00,33.9,38,11.8,293,977.6,0,510
2026-06-18T23:00,32.4,42,10.1,280,977.4,0,530
2026-06-19T00:00,31.7,44,10.6,288,977.4,0,485
2026-06-19T01:00,31.4,44,8.3,297,977.2,0,455
2026-06-19T02:00,31.1,45,10.9,287,976.8,0,575
2026-06-19T03:00,30.3,47,11.5,292,977.2,0,535
2026-06-19T04:00,29.6,49,7.6,295,977.2,0,375
2026-06-19T05:00,28.2,61,7.5,278,977.1,0,385
2026-06-19T06:00,28.2,60,8.6,260,977.7,0,365
2026-06-19T07:00,29.2,56,5.4,291,977.7,0,320
2026-06-19T08:00,31.2,49,1.9,304,978,0,415
2026-06-19T09:00,33,45,2.9,277,978.1,0,645
2026-06-19T10:00,34.9,40,4.4,277,978.4,0,1125
2026-06-19T11:00,37.2,34,7.5,281,978.5,0,2135
2026-06-19T12:00,37.8,32,11.1,278,978.1,0,2420
2026-06-19T13:00,38.1,32,12.8,273,977.7,0,2485
2026-06-19T14:00,38.1,32,13.3,271,977.2,0,2410
2026-06-19T15:00,37.8,33,12.5,275,976.7,0,2220
2026-06-19T16:00,37.5,34,11.5,284,975.9,0,2000
2026-06-19T17:00,37.8,28,12.6,275,975.9,0,2010
2026-06-19T18:00,36.9,31,13.5,293,976,0,1805
2026-06-19T19:00,36.1,33,12.7,303,976.4,0,1695
2026-06-19T20:00,35.5,36,10.4,306,977.1,0,1690
2026-06-19T21:00,34.9,38,8,312,978.1,0,1205
2026-06-19T22:00,34.3,40,7.3,314,978.5,0,690
2026-06-19T23:00,33.4,44,8.5,276,978.4,0,610
2026-06-20T00:00,32.6,46,8,284,978.1,0,525
2026-06-20T01:00,32.2,46,8,286,977.7,0,460
2026-06-20T02:00,31.7,46,7.7,291,977.4,0,375
2026-06-20T03:00,31.2,47,6.4,288,977,0,290
2026-06-20T04:00,30.7,48,5.9,281,977.2,0,230
2026-06-20T05:00,30.8,53,6.1,282,977,0,235
2026-06-20T06:00,31,53,5,272,977.7,0,240
2026-06-20T07:00,32.3,49,5.8,292,978.1,0,515
2026-06-20T08:00,34.2,43,8.9,291,978.7,0,1515
2026-06-20T09:00,35.3,40,14.9,287,979.1,0.1,1790
2026-06-20T10:00,36.1,38,13.9,289,979.2,0.1,1960
2026-06-20T11:00,36.3,39,14.3,288,978.8,0,2095
2026-06-20T12:00,37.1,36,13.9,287,978.4,0,2205
2026-06-20T13:00,37.6,34,13.2,287,977.7,0,2325
2026-06-20T14:00,38.1,32,13.3,295,977.1,0,2405
2026-06-20T15:00,38.1,31,12.8,296,976.4,0,2380
2026-06-20T16:00,37.8,32,12.5,290,975.8,0,2310
2026-06-20T17:00,33.8,46,0.6,108,976.2,0,305
2026-06-20T18:00,34.5,42,7.4,225,975.7,0.3,210
2026-06-20T19:00,34.8,41,5.9,239,975.8,0,190
2026-06-20T20:00,35,40,7,271,976.1,0,320
2026-06-20T21:00,34.9,38,7.3,263,977,0,280
2026-06-20T22:00,34.1,41,9.9,249,977.4,0,360
2026-06-20T23:00,33.4,43,11.3,248,977.3,0,380
2026-06-21T00:00,32.8,42,10,262,976.9,0,405
2026-06-21T01:00,32.1,43,8.2,262,976.7,0,325
2026-06-21T02:00,31.4,45,7.8,262,976.4,0,245
2026-06-21T03:00,31,47,7.6,266,976.2,0,230
2026-06-21T04:00,30.7,48,7.2,264,976.3,0,235
2026-06-21T05:00,30.1,51,8.1,274,976.6,0,395
2026-06-21T06:00,30.6,51,5.9,297,977.2,0,380
2026-06-21T07:00,31.3,48,8.3,270,977.7,0,415
2026-06-21T08:00,31.7,47,9.6,287,977.7,0,490
2026-06-21T09:00,32.1,47,8,279,977.8,0,505
2026-06-21T10:00,34.4,43,8.4,280,977.7,0,915
2026-06-21T11:00,33.9,43,10,278,977.5,0,995
2026-06-21T12:00,35,39,8.8,282,977.1,0,1570
2026-06-21T13:00,36.4,34,8.6,271,976.2,0,1910
2026-06-21T14:00,37.3,31,10.4,270,975.3,0,2110
2026-06-21T15:00,38.1,29,10.7,275,974.6,0,2245
2026-06-21T16:00,38.1,29,10.5,278,974.4,0,2495
2026-06-21T17:00,38.5,28,9.9,251,973.3,0,2445
2026-06-21T18:00,37.6,29,11.8,264,973.5,0,2105
2026-06-21T19:00,36.9,30,10.6,270,974.3,0,1700
2026-06-21T20:00,35.9,33,12.2,261,975.1,0,710
2026-06-21T21:00,35.1,33,13,273,976,0,845
2026-06-21T22:00,34.3,34,11,284,976.5,0,650
2026-06-21T23:00,33.3,36,8.1,288,976.3,0,505
2026-06-22T00:00,32.7,37,6.6,305,976.2,0,395
2026-06-22T01:00,32.1,40,7.6,317,976.1,0,445
2026-06-22T02:00,31.3,45,9.8,332,976.2,0,560
2026-06-22T03:00,30.5,48,5.7,332,976.1,0,415
2026-06-22T04:00,30.1,50,3.4,267,975.9,0,230
2026-06-22T05:00,28.6,59,9.8,264,976.6,0,330
2026-06-22T06:00,28.5,59,11.7,260,977.4,0,430
2026-06-22T07:00,29.7,52,10.4,262,977.8,0,455
2026-06-22T08:00,31,46,7,271,977.9,0,440
2026-06-22T09:00,31.3,44,8.3,286,978.2,0,500
2026-06-22T10:00,31.7,43,14.2,292,978.5,0,945
2026-06-22T11:00,35.3,34,14.8,302,978.2,0,1385
2026-06-22T12:00,36.6,32,11.5,320,977.1,0,1690
2026-06-22T13:00,35.8,34,11.2,307,976.5,0,1760
2026-06-22T14:00,36.3,33,14.1,291,976.1,0.1,1995
2026-06-22T15:00,35.7,35,11.7,301,975.7,0.1,1740
2026-06-22T16:00,35.4,37,11.1,300,975.4,0.2,1870
2026-06-22T17:00,36.7,29,13.8,303,974.7,0,2340
2026-06-22T18:00,35.8,30,11.8,291,974.5,0,1785
2026-06-22T19:00,35,32,9.7,268,974.9,0,1245
2026-06-22T20:00,34.4,35,10.3,263,975.4,0,820
2026-06-22T21:00,34,37,9.3,286,976.3,0,695
2026-06-22T22:00,33.4,38,6.5,304,976.5,0,495
2026-06-22T23:00,32.9,43,2.9,274,976.1,0,295
2026-06-23T00:00,32,46,3.8,267,975.7,0,195
2026-06-23T01:00,31.4,49,4.7,277,975.6,0,215
2026-06-23T02:00,30.9,51,3.4,313,975.3,0,200
2026-06-23T03:00,30.6,52,3.3,338,975.2,0,205
2026-06-23T04:00,30.3,52,3.5,9,975.1,0,215
2026-06-23T05:00,30.6,56,1.3,326,975.3,0,210
2026-06-23T06:00,31.1,51,2.5,274,975.5,0,250
2026-06-23T07:00,32.3,46,3.2,289,976,0,500
2026-06-23T08:00,33.7,41,3.4,302,976.2,0,1110
2026-06-23T09:00,35.3,37,5.7,281,976.1,0,1525
2026-06-23T10:00,36.6,33,8.2,280,975.9,0,2420
2026-06-23T11:00,38.7,28,11.7,279,975.4,0,2945
2026-06-23T12:00,37.7,27,17.8,300,975.1,0.4,2395
2026-06-23T13:00,36.8,30,10,291,974.7,0.4,1980
2026-06-23T14:00,36.1,32,14.4,271,974.2,0.5,1900
2026-06-23T15:00,36.2,34,9.8,277,973.7,0.1,1765
2026-06-23T16:00,35.9,34,11.7,281,973.4,0,1860
2026-06-23T17:00,32.6,44,10.4,222,973.3,0,385
2026-06-23T18:00,33.4,41,5.2,239,973.1,0,400
2026-06-23T19:00,32.9,43,6.1,238,973.3,0,285
2026-06-23T20:00,32.6,45,6.1,242,974.1,0,280
2026-06-23T21:00,32.1,48,4.2,258,974.5,0,210
2026-06-23T22:00,31.4,53,3.2,214,975.1,0,135
2026-06-23T23:00,31.2,54,5.7,229,974.7,0,225
2026-06-24T00:00,30.5,56,3.7,256,974.6,0,140
2026-06-24T01:00,30.1,57,2.7,238,974.6,0,110
2026-06-24T02:00,29.6,59,4.4,218,974.4,0,105
2026-06-24T03:00,29.2,59,3.6,229,974.2,0,85
2026-06-24T04:00,28.9,62,2.3,252,974.3,0,50
2026-06-24T05:00,29.1,62,6.7,200,974.8,0,115
2026-06-24T06:00,29,61,8.3,200,975.4,0,230
2026-06-24T07:00,30.2,56,8.2,202,975.8,0,325
2026-06-24T08:00,32.9,43,8.8,219,976.2,0,610
2026-06-24T09:00,34.7,37,9.3,245,976.4,0,1125
2026-06-24T10:00,35.7,35,7.2,248,976.2,0,1470
2026-06-24T11:00,36.5,33,9.8,235,976.5,0,2220
2026-06-24T12:00,35.6,34,12.2,250,975.9,0,1935
2026-06-24T13:00,35.7,33,9.4,252,975.1,0,1590
2026-06-24T14:00,37.6,29,6.8,253,974.2,0,1985
2026-06-24T15:00,38,28,6.6,261,973.6,0,2065
2026-06-24T16:00,38.1,26,7.7,270,973.3,0,2430
2026-06-24T17:00,28.6,68,21.3,79,973.6,0.2,275
2026-06-24T18:00,29.4,55,9.4,197,973.1,0.4,90
2026-06-24T19:00,31.4,50,10.8,267,973.7,0,205
2026-06-24T20:00,32.1,46,3.9,233,974.2,0,100
2026-06-24T21:00,32.2,49,2.8,255,975,0,80
2026-06-24T22:00,32.4,48,3,287,975.9,0,90
2026-06-24T23:00,32.8,46,5.5,316,975.9,0,195
2026-06-25T00:00,32,50,3.6,330,975.7,0,230
2026-06-25T01:00,31.8,51,2.9,22,975.4,0,200
2026-06-25T02:00,31.7,53,1.2,63,975.2,0,130
2026-06-25T03:00,31.5,56,0.4,153,975.1,0,15
2026-06-25T04:00,31,58,0.2,180,975.5,0,10
2026-06-25T05:00,30.4,57,7.1,120,975.6,0,155
2026-06-25T06:00,30.5,58,3.8,188,976.3,0,90
2026-06-25T07:00,30.3,59,9.6,218,977.3,0.3,285
2026-06-25T08:00,30.2,58,10.9,38,978.4,0.2,290
2026-06-25T09:00,32.2,52,6.9,203,978.2,0,280
2026-06-25T10:00,34.4,42,4.4,207,978.2,0.2,750
2026-06-25T11:00,36.9,33,6.6,225,977.8,0,2365
2026-06-25T12:00,37.5,32,6.3,239,977.2,0,2350
2026-06-25T13:00,38.5,31,6.3,252,976.4,0,2565
2026-06-25T14:00,38.9,30,7,249,975.7,0,2645
2026-06-25T15:00,39,30,7.2,251,975,0,2725
2026-06-25T16:00,38.6,30,7.8,266,974.3,0,2640
2026-06-25T17:00,37.4,35,3.2,106,974,0,1870
2026-06-25T18:00,37.3,34,3,163,974.1,0,1905
2026-06-25T19:00,37.2,34,2.7,200,974.7,0,2105
2026-06-25T20:00,36.6,35,4.4,207,975.5,0.1,2105
2026-06-25T21:00,35.6,41,4.8,200,976.3,0,460
2026-06-25T22:00,34.8,45,2.7,203,976.9,0,350
2026-06-25T23:00,33.5,45,6,286,977.3,0,610
2026-06-26T00:00,33,46,4.9,352,977.1,0,320
2026-06-26T01:00,32.9,48,1.5,225,976.7,0,210
2026-06-26T02:00,32.4,50,2.7,228,976.4,0,155
2026-06-26T03:00,32.1,52,3.1,230,976.2,0,80
2026-06-26T04:00,31.3,54,6.4,220,976.8,0,165
2026-06-26T05:00,29.8,67,5.8,244,976.8,0,135
2026-06-26T06:00,30.3,65,4.6,239,977.5,0,155
2026-06-26T07:00,31.8,59,4.9,260,977.9,0.1,230
2026-06-26T08:00,34,50,5.2,264,978.5,0,530
2026-06-26T09:00,35.9,42,4.5,270,978.5,0,940
2026-06-26T10:00,37.6,38,4.3,255,978.6,0,1855
2026-06-26T11:00,39.4,33,5,255,978.3,0,2845
2026-06-26T12:00,39.9,31,4.1,270,977.8,0,2875
2026-06-26T13:00,40.5,29,3.4,286,977,0,2955
2026-06-26T14:00,40.7,29,2.4,287,976.2,0,3175
2026-06-26T15:00,40.7,28,4.1,315,975.2,0,2985
2026-06-26T16:00,37.6,35,7.4,131,975.3,0.4,1380
2026-06-26T17:00,30.7,71,6.9,107,974.9,0.6,85
2026-06-26T18:00,35.4,39,2.9,150,975,0.1,170
2026-06-26T19:00,35.4,38,4.3,213,975.9,0,235
2026-06-26T20:00,35.4,39,4,234,976.5,0,170
2026-06-26T21:00,35.2,39,6.3,255,977.1,0,310
2026-06-26T22:00,35,40,5.3,282,977.6,0,215
2026-06-26T23:00,34.3,45,4.9,280,977.3,0,230
2026-06-27T00:00,33.6,48,4.4,289,976.8,0,195
2026-06-27T01:00,33.4,49,4.5,284,976.4,0,180
2026-06-27T02:00,33.1,50,4.7,274,976.3,0,235
2026-06-27T03:00,32.4,53,4.7,252,976.3,0,180
2026-06-27T04:00,31.7,58,5.4,270,976.5,0,190
2026-06-27T05:00,26.8,87,5.9,281,976.2,0,70
2026-06-27T06:00,27.5,86,12.8,215,977.3,0.7,185
2026-06-27T07:00,30.4,68,6,267,977.2,0,180
2026-06-27T08:00,33.6,53,5.6,295,977.5,0,345
2026-06-27T09:00,36.2,42,3.4,313,977.6,0,735
2026-06-27T10:00,38.2,35,2.6,295,977.6,0,1970
2026-06-27T11:00,39.6,32,2.3,321,977.4,0,2805
2026-06-27T12:00,38.9,34,5.3,308,976.7,0,2745
2026-06-27T13:00,39.4,33,5,314,975.9,0,2770
2026-06-27T14:00,39.8,31,5.2,290,975.1,0,2770
2026-06-27T15:00,40.1,30,6.3,273,974.2,0,2785
2026-06-27T16:00,39.7,30,9.4,271,973.1,0,2785
2026-06-27T17:00,37.2,37,6.4,280,972.9,0,445
2026-06-27T18:00,38.5,33,4.4,212,972.8,0.1,360
2026-06-27T19:00,37.7,35,5.6,272,973.3,0.2,625
2026-06-27T20:00,37,37,3.5,235,973.8,0,390
2026-06-27T21:00,36.3,40,5.2,180,974.5,0,205
2026-06-27T22:00,35.5,44,6.3,180,974.9,0,190
2026-06-27T23:00,34.8,50,6.6,125,974.2,0,130
2026-06-28T00:00,34.6,53,4.3,228,974.4,0.6,165
2026-06-28T01:00,33.6,55,5.8,248,974.2,0,175
2026-06-28T02:00,32,59,9.1,207,973.8,0.3,115
2026-06-28T03:00,32,54,7.7,208,973.7,0,120
2026-06-28T04:00,31.8,55,4.2,220,973.9,0,90
2026-06-28T05:00,29.5,72,11,228,973.4,0,135
2026-06-28T06:00,31.1,66,10.9,220,973.5,0.1,225
2026-06-28T07:00,33.6,51,9.7,236,974.1,0,330
2026-06-28T08:00,35.1,46,10.4,238,974.8,0,575
2026-06-28T09:00,36.7,43,6.9,256,975.2,0,860
2026-06-28T10:00,38.6,38,4.9,272,975.2,0,2340
2026-06-28T11:00,40.4,32,3.7,309,974.8,0,2545
2026-06-28T12:00,41.5,29,5.6,297,973.9,0,2790
2026-06-28T13:00,41.9,28,7.7,301,973.1,0,2920
2026-06-28T14:00,41.9,29,8.9,310,972.2,0,2885
2026-06-28T15:00,41.8,28,9.5,307,971.5,0,2795
2026-06-28T16:00,41,29,12.4,312,971,0,2650
2026-06-28T17:00,40,30,14.3,317,970.9,0,2485
2026-06-28T18:00,38.8,33,13.5,318,971.3,0,2000
2026-06-28T19:00,37.8,37,9.9,316,971.9,0,1285
2026-06-28T20:00,37.4,38,7.5,314,972.5,0,1105
2026-06-28T21:00,37.1,39,6.7,308,973.1,0,1185
2026-06-28T22:00,36.6,41,5.2,299,973.4,0,870
2026-06-28T23:00,35.5,50,2.5,184,973.3,0,50
2026-06-29T00:00,35.3,49,3.3,189,972.7,0,70
2026-06-29T01:00,34.5,53,3.3,151,972.4,0,65
2026-06-29T02:00,33.7,55,6.5,175,972.2,0,145
2026-06-29T03:00,33,58,5.2,209,972.3,0,125
2026-06-29T04:00,32.5,57,4.7,189,972.5,0,125
2026-06-29T05:00,32.5,57,8.6,258,972.3,0,215
2026-06-29T06:00,32.1,58,10.5,241,972.7,0.2,280
2026-06-29T07:00,33.4,51,10.3,230,972.9,0,365
2026-06-29T08:00,35.6,44,11.7,243,973.5,0,800
2026-06-29T09:00,37.2,38,13.7,274,974,0,1475
2026-06-29T10:00,38.3,35,12.1,291,974.2,0.1,1540
2026-06-29T11:00,39.6,33,10.5,287,973.9,0,2230
2026-06-29T12:00,40.4,30,10.7,293,973.4,0.1,2505
2026-06-29T13:00,41.2,29,11,288,972.5,0,2810
2026-06-29T14:00,41.7,29,13.6,287,971.8,0,2875
2026-06-29T15:00,40.1,31,12.4,296,971.4,1,2445
2026-06-29T16:00,40,32,11.6,292,970.5,0,2510
2026-06-29T17:00,41.5,26,12.6,308,970.3,0,2980
2026-06-29T18:00,40.6,26,10.2,319,970.1,0,2870
2026-06-29T19:00,39.6,28,3.9,326,970.7,0,2555
2026-06-29T20:00,38.7,30,3.1,170,971.4,0,620
2026-06-29T21:00,37.5,35,7.3,163,972,0,365
2026-06-29T22:00,36.4,40,7.7,164,972.6,0,250
2026-06-29T23:00,35.9,45,6.5,177,972.4,0,175
2026-06-30T00:00,34.2,50,6.7,117,972.2,0.1,150
2026-06-30T01:00,28.9,78,14.3,109,971.8,1.2,140
2026-06-30T02:00,30.3,67,9.1,188,970.7,0.3,125
2026-06-30T03:00,31,66,10,203,971,0,125
2026-06-30T04:00,31.7,60,6.5,208,971.7,0,110
2026-06-30T05:00,31.7,70,6,173,971.6,0,145
2026-06-30T06:00,33.5,52,8.5,232,972.1,0,940
2026-06-30T07:00,34.8,41,12.3,264,972.9,0,1120
2026-06-30T08:00,34.7,43,13.4,276,973.7,0,1075
2026-06-30T09:00,35.8,41,14.4,274,973.9,0,1210
2026-06-30T10:00,36.8,39,14.4,286,974.2,0,1240
2026-06-30T11:00,36.5,42,14.1,289,974.4,0,1280
2026-06-30T12:00,38,37,11.6,307,974.3,0,1660
2026-06-30T13:00,38.8,36,8.2,320,973.9,0,2050
2026-06-30T14:00,39.5,35,7.6,322,972.9,0,2670
2026-06-30T15:00,38.6,38,5.8,64,972.5,0,2330
2026-06-30T16:00,34,61,10.4,79,972.6,2.2,595
2026-06-30T17:00,32.8,66,7.7,89,972,0.5,285
2026-06-30T18:00,34.8,53,7.4,151,972.2,0.1,515
2026-06-30T19:00,34.5,54,8.4,145,972.4,0,615
2026-06-30T20:00,33.8,57,12.7,122,972.9,0,715
2026-06-30T21:00,32.4,65,13.3,120,973.7,0,515
2026-06-30T22:00,31.8,70,11.4,123,974,0,480
2026-06-30T23:00,31.7,73,12.4,141,974.1,0,630
2026-07-01T00:00,31.3,73,11.1,133,973.9,0,595
2026-07-01T01:00,31,74,11.5,124,973.6,0,645
2026-07-01T02:00,30.4,74,11,118,973.7,0,555
2026-07-01T03:00,29.9,70,10.5,117,973.6,0,440
2026-07-01T04:00,28.8,74,10.6,105,974,0.5,425
2026-07-01T05:00,27.7,94,10,126,974,0.3,455
2026-07-01T06:00,26.9,91,13.8,104,974.6,0.3,480
2026-07-01T07:00,27,90,10.4,108,975,0.4,370
2026-07-01T08:00,28.5,84,8.7,114,975.3,0.1,365
2026-07-01T09:00,29.7,81,5.2,94,975.7,0,355
2026-07-01T10:00,30.7,77,5.6,86,976,0,420
2026-07-01T11:00,30.3,71,8.6,98,976.5,0.1,650
2026-07-01T12:00,30.8,70,7.2,103,976.1,0,605
2026-07-01T13:00,31.3,69,7.2,109,975.3,0,610
2026-07-01T14:00,32.2,65,8.1,94,974.4,0,760
2026-07-01T15:00,32.7,62,7.9,87,973.5,0,930
2026-07-01T16:00,32.1,65,8,81,973.1,0,770
2026-07-01T17:00,32.6,60,9.4,108,972.4,0,865
2026-07-01T18:00,31.2,66,8,106,972.5,0,615
2026-07-01T19:00,30.4,70,6.9,110,973.1,0,415
2026-07-01T20:00,29.9,73,5.8,120,974,0,275
2026-07-01T21:00,29.8,74,4.6,149,974.7,0,230
2026-07-01T22:00,29.7,75,2.9,184,975.6,0,275
2026-07-01T23:00,30.2,73,6.6,163,975.5,0.1,355
2026-07-02T00:00,30.2,75,2.3,135,975.6,0,300
2026-07-02T01:00,29.7,75,4.7,358,975.4,0,145
2026-07-02T02:00,28.9,78,7.3,126,975.1,0.1,245
2026-07-02T03:00,28.1,76,7.1,139,975.1,0,175
2026-07-02T04:00,27.9,75,6.6,137,975.6,0,130
2026-07-02T05:00,25.9,95,6.5,34,976,0,295
2026-07-02T06:00,25.9,93,3.8,73,976.4,4.4,180
2026-07-02T07:00,26.1,93,3.8,229,975.9,1.9,135
2026-07-02T08:00,26.8,92,4,212,975.7,0.4,165
2026-07-02T09:00,28.3,82,4.3,204,976.3,0,300
2026-07-02T10:00,28,83,2.1,211,976.6,0,265
2026-07-02T11:00,27.1,85,0.8,333,976.5,0,250
2026-07-02T12:00,27.9,77,2.7,307,976,0,340
2026-07-02T13:00,29.7,69,5.2,6,975.2,0,855
2026-07-02T14:00,30.2,66,6.3,355,974.3,0,815
2026-07-02T15:00,30.8,65,6.6,313,973.7,0,880
2026-07-02T16:00,31.2,64,5.8,340,973.1,0,1160
2026-07-02T17:00,31.5,64,4,58,972.7,0,1135
2026-07-02T18:00,31.4,65,3.3,68,972.8,0,475
2026-07-02T19:00,30.7,73,5.3,62,973.3,0,360
2026-07-02T20:00,30,78,5.6,73,974,0,390
2026-07-02T21:00,29.7,81,5.8,83,974.9,0,420
2026-07-02T22:00,29.3,83,6.2,83,975.7,0,400
2026-07-02T23:00,29.2,82,7.4,91,976.1,0,380
2026-07-03T00:00,28.9,84,5.4,90,975.7,0,350
2026-07-03T01:00,28.6,86,6.4,80,975.5,0,365
2026-07-03T02:00,28.2,87,6.9,84,975,0,355
2026-07-03T03:00,27.9,88,6.3,88,975,0,320
2026-07-03T04:00,27.8,88,6.5,90,974.9,0,305
2026-07-03T05:00,27,91,6.3,66,975.1,0,170
2026-07-03T06:00,27.6,87,5.8,76,975.5,0,210
2026-07-03T07:00,28.8,81,3.6,81,976.1,0,240
2026-07-03T08:00,30.5,73,4.3,85,976.1,0,395
2026-07-03T09:00,32.4,62,6,99,976,0,1040
2026-07-03T10:00,33.5,55,7.9,125,976.1,0.1,1240
2026-07-03T11:00,34.5,49,5.8,160,975.8,0.1,1265
2026-07-03T12:00,33.8,54,6.2,165,975.5,0.3,1225
2026-07-03T13:00,33.9,55,4.8,155,974.8,0,1225
2026-07-03T14:00,34,55,2.9,173,973.7,0,1300
2026-07-03T15:00,34.3,54,2.4,193,973.3,0,1365
2026-07-03T16:00,34.4,53,2.9,187,972.7,0,1410
2026-07-03T17:00,33.8,57,5.6,180,972.1,0,1250
2026-07-03T18:00,32.7,64,5.8,175,972.7,0,435
2026-07-03T19:00,31.6,71,6.5,172,973.4,0,270
2026-07-03T20:00,30.9,75,4.8,165,974,0,195
2026-07-03T21:00,30.5,77,4.4,150,974.6,0,155
2026-07-03T22:00,30.4,79,4.2,137,974.8,0,130
2026-07-03T23:00,30.7,75,5.1,135,974.2,0,110
2026-07-04T00:00,30.5,74,3.9,103,974.2,0,110
2026-07-04T01:00,30.2,74,4,90,974.2,0,105
2026-07-04T02:00,30,74,4.3,95,974.1,0,130
2026-07-04T03:00,29.9,75,3.4,108,973.9,0,105
2026-07-04T04:00,29.9,76,2.4,103,973.8,0,60
2026-07-04T05:00,29.2,82,3.9,124,973.9,0,95
2026-07-04T06:00,29.6,81,3.8,115,974.3,0,165
2026-07-04T07:00,30.7,77,2.8,108,974.8,0,280
2026-07-04T08:00,31.2,71,4.9,126,974.6,0.2,590
2026-07-04T09:00,32.2,66,4.3,158,974.4,0.4,820
2026-07-04T10:00,33.4,62,4.1,151,974.5,0,1280
2026-07-04T11:00,32.6,65,2.5,159,974.5,0.1,1090
2026-07-04T12:00,34.1,57,2.4,207,974.2,0.3,1175
2026-07-04T13:00,35.7,51,2.2,265,973.2,0.1,1445
2026-07-04T14:00,36.4,49,3.9,294,972.3,0,1525
2026-07-04T15:00,36.5,48,5.1,306,971.5,0.1,1545
2026-07-04T16:00,36.5,49,5.2,326,970.9,0.1,1585
2026-07-04T17:00,33.4,67,6.8,335,970.9,0.1,785
2026-07-04T18:00,32.9,70,4.6,9,970.6,0,630
2026-07-04T19:00,32.1,78,2.2,76,970.9,0,85
2026-07-04T20:00,31.7,79,4.3,85,971.5,0,130
2026-07-04T21:00,31.5,81,2.7,132,972,0,30
2026-07-04T22:00,31,82,6.2,120,972.8,0,235
2026-07-04T23:00,31.7,76,6.1,66,972.7,0,260
2026-07-05T00:00,30.8,81,3.5,35,972.2,0,125
2026-07-05T01:00,30.4,84,3.2,16,972.2,0,120
2026-07-05T02:00,30.2,85,4.5,34,972,0,165
2026-07-05T03:00,29.7,86,6.1,120,972.1,0,220
2026-07-05T04:00,29,88,6.9,123,972.3,0.5,255
2026-07-05T05:00,28.8,91,6.6,101,972.4,0.1,165
2026-07-05T06:00,29.4,87,3.8,87,972.9,0,165
2026-07-05T07:00,30.8,80,3.8,93,973.6,0,200
2026-07-05T08:00,32.8,70,4.7,99,973.6,0,490
2026-07-05T09:00,34.4,59,4.7,118,973.6,0,1070
2026-07-05T10:00,34.5,55,8.8,102,973.6,0.2,1275
2026-07-05T11:00,31.5,75,6.5,30,973.9,2.5,395
2026-07-05T12:00,33.9,64,1.7,13,973.2,0,950
2026-07-05T13:00,33.4,63,8.4,83,972.7,0.2,880
2026-07-05T14:00,32.1,71,8.5,89,971.8,0.2,450
2026-07-05T15:00,32.9,69,2.7,82,971.2,0,525
2026-07-05T16:00,33.4,66,1.2,63,970.7,0,710
2026-07-05T17:00,31.5,72,5.3,82,970.4,0,510
2026-07-05T18:00,31.2,74,3.3,61,970.9,0,475
2026-07-05T19:00,30.9,77,7.4,89,971.7,0,370
2026-07-05T20:00,30.6,80,8.8,116,972.6,0,360
2026-07-05T21:00,30.3,82,6.3,114,973.2,0,325
2026-07-05T22:00,30,84,4,100,973.7,0,270
2026-07-05T23:00,30,82,3.9,114,972.9,0,195
2026-07-06T00:00,30.1,80,7.3,115,973.1,0,295
2026-07-06T01:00,30.1,77,6.5,113,973.3,0,380
2026-07-06T02:00,29.9,77,7.3,123,973,0,385
2026-07-06T03:00,29.7,77,5.1,129,972.6,0,285
2026-07-06T04:00,29.6,78,1.6,174,973.2,0,175
2026-07-06T05:00,26.8,95,5.9,88,972.5,0,75
2026-07-06T06:00,27.7,94,5.1,58,973.1,0,150
2026-07-06T07:00,28.7,89,3.1,59,973.3,0,200
2026-07-06T08:00,30.3,82,3.5,81,974.1,0,325
2026-07-06T09:00,31.7,76,4.4,111,974.4,0,595
2026-07-06T10:00,33,67,5.7,131,974.5,0.1,925
2026-07-06T11:00,34.1,55,7.3,144,974.3,0,1150
2026-07-06T12:00,35.3,50,2.3,151,973.4,0,1435
2026-07-06T13:00,36.1,48,0.4,297,973,0,1605
2026-07-06T14:00,36.5,48,2,280,972,0,1775
2026-07-06T15:00,36.7,48,2.6,286,971.4,0,1930
2026-07-06T16:00,36.6,48,1.1,279,970.7,0,1855
2026-07-06T17:00,34.5,59,7,119,970.3,0,520
2026-07-06T18:00,33.6,68,4.5,143,970.9,0.4,150
2026-07-06T19:00,32.5,76,3.3,229,971.5,0,45
2026-07-06T20:00,32.1,80,2,5,971.9,0,30
2026-07-06T21:00,32,78,4.2,83,972.9,0,145
2026-07-06T22:00,31.7,76,4.2,102,973.2,0,155
2026-07-06T23:00,31.1,79,3.5,111,973.3,0,85
2026-07-07T00:00,31,80,3.1,90,973.2,0,70
2026-07-07T01:00,30.9,81,2.3,94,972.8,0,65
2026-07-07T02:00,30.6,82,4,120,972.5,0,140
2026-07-07T03:00,30.2,84,3.7,125,971.7,0,160
2026-07-07T04:00,29.8,85,4,175,972.2,0,145
2026-07-07T05:00,27.5,96,7.9,16,972.4,0,120
2026-07-07T06:00,27.6,95,5.6,360,972.7,1.2,130
2026-07-07T07:00,28.2,95,5,178,973.2,0.1,155
2026-07-07T08:00,29.8,88,5.2,245,973.9,0,295
2026-07-07T09:00,31.6,76,7.5,250,973.7,0,495
2026-07-07T10:00,32.8,68,7.3,224,973.6,0,765
2026-07-07T11:00,31,81,4.9,287,973.5,0,440
2026-07-07T12:00,32.5,70,1.4,203,973.2,0,840
2026-07-07T13:00,30.9,72,5.7,307,972.8,0.6,425
2026-07-07T14:00,31.9,69,1.5,346,971.7,0.2,455
2026-07-07T15:00,32.5,64,6.2,73,971,0,925
2026-07-07T16:00,30.4,78,9.8,96,970.5,0,425
2026-07-07T17:00,26.5,94,7.6,89,970.4,0,210
2026-07-07T18:00,26.7,96,2,80,970.2,3.1,170
2026-07-07T19:00,26.8,96,2.6,282,971,1.6,125
2026-07-07T20:00,27,96,4.3,92,972,1,155
2026-07-07T21:00,26.9,97,6.6,103,973.1,0.5,190
2026-07-07T22:00,27,96,2.8,130,973.3,0.1,155
2026-07-07T23:00,27,95,4,95,972.6,0,155
2026-07-08T00:00,26.9,95,1.6,96,972.4,0,130
2026-07-08T01:00,27,94,1.4,310,971.9,0,80
2026-07-08T02:00,26.9,96,9.6,323,972,0,270
2026-07-08T03:00,26.8,94,4.6,9,972,0,150
2026-07-08T04:00,26.7,93,8.2,26,972,0,305
2026-07-08T05:00,26.1,97,7.1,30,971.7,0.5,400
2026-07-08T06:00,26.3,97,9.5,33,971.7,1.5,425
2026-07-08T07:00,26.6,97,9.7,59,972,0.9,440
2026-07-08T08:00,27.1,94,10.8,69,972.5,0.2,385
2026-07-08T09:00,27.8,89,9.3,63,972.6,0.1,470
2026-07-08T10:00,28.7,83,10.1,70,972.8,0,555
2026-07-08T11:00,27.3,92,8.3,89,972.9,0.1,410
2026-07-08T12:00,27.7,88,8.1,61,972.4,1.2,480
2026-07-08T13:00,29.1,79,7.7,57,971.8,0.1,665
2026-07-08T14:00,29.3,78,8.3,41,971.1,0.1,600
2026-07-08T15:00,29,80,7.8,13,970.5,0.1,545
2026-07-08T16:00,29.1,80,7.9,4,970,0.3,535
2026-07-08T17:00,27.1,91,8,44,970.4,0.1,355
2026-07-08T18:00,26.5,96,8.1,360,970.2,2.1,220
2026-07-08T19:00,26.3,95,8.4,25,970.5,0.7,215
2026-07-08T20:00,26.5,94,8.8,33,971.3,0.2,350
2026-07-08T21:00,26.6,95,10.3,27,971.8,0.6,420
2026-07-08T22:00,26.7,96,10.2,32,971.8,1,540
2026-07-08T23:00,26.2,94,8.6,16,971.5,2,390
2026-07-09T00:00,26,96,9,357,971.1,1.9,335
2026-07-09T01:00,25.9,95,9.9,2,970.4,1.8,350
2026-07-09T02:00,25.8,96,9.4,352,970.2,1.8,365
2026-07-09T03:00,25.8,95,9.9,335,970,1.7,450
2026-07-09T04:00,25.7,96,10.2,321,970.3,8,395
2026-07-09T05:00,25.4,96,11.4,355,970.9,18.1,525
2026-07-09T06:00,25.2,97,11.1,333,970.4,10.1,350
2026-07-09T07:00,25,98,16.5,349,970.6,7.3,430
2026-07-09T08:00,25.6,93,18.9,2,971.7,12.1,620
2026-07-09T09:00,25.3,94,15.8,352,972,15.1,595
2026-07-09T10:00,25.4,94,13.2,331,972.5,9,560
2026-07-09T11:00,25.2,94,8.8,20,973.7,8.1,375
2026-07-09T12:00,25.4,94,6.9,327,973.5,3.5,325
2026-07-09T13:00,26.4,92,7.5,320,972.9,1.2,565
2026-07-09T14:00,27.9,83,11.5,335,972.3,0.1,740
2026-07-09T15:00,28.6,78,12.4,341,972.5,0,735
2026-07-09T16:00,28.9,77,10.4,326,971.8,0,705
2026-07-09T17:00,29.2,75,12.9,335,971.7,0,780
2026-07-09T18:00,28.3,80,10.6,341,971.8,0,605
2026-07-09T19:00,27.3,86,8.5,348,972.6,0,435
2026-07-09T20:00,26.8,89,6.4,328,972.9,0,380
2026-07-09T21:00,26.5,91,5.8,358,973.7,0,305
2026-07-09T22:00,26.1,92,4.7,310,973.6,0,180
2026-07-09T23:00,27.1,95,6.4,350,973.6,0,250
2026-07-10T00:00,26.5,97,6.2,345,973.3,0,220
2026-07-10T01:00,26.3,97,5.6,303,972.7,0,190
2026-07-10T02:00,26,97,6.3,325,972.4,0,230
2026-07-10T03:00,25.7,96,6.8,307,972.3,0,235
2026-07-10T04:00,25.5,96,7.1,294,972.8,0,235
2026-07-10T05:00,26.9,97,6.3,263,972.6,0,180
2026-07-10T06:00,27.2,94,6.2,291,972.9,0.3,275
2026-07-10T07:00,27.8,90,7.4,356,973.8,0.1,450
2026-07-10T08:00,28.4,86,6.6,299,974.1,0.2,460
2026-07-10T09:00,30.1,79,9.9,318,974.5,0,915
2026-07-10T10:00,30,78,11.5,350,974.8,0,810
2026-07-10T11:00,31.1,73,9.7,320,974.5,0,965
2026-07-10T12:00,32.1,68,10,322,974.3,0,1145
2026-07-10T13:00,32.5,66,10.5,329,973.3,0,1170
2026-07-10T14:00,32.8,63,10.7,327,972.8,0,1155
2026-07-10T15:00,33,62,10.5,335,972.5,0,1165
2026-07-10T16:00,32.8,62,8.7,339,971.9,0,995
2026-07-10T17:00,32,64,4.5,323,971.4,0,635
2026-07-10T18:00,31.3,72,4,267,971.9,0,155
2026-07-10T19:00,30.1,78,4.6,261,972.4,0,95
2026-07-10T20:00,29.6,79,7.2,266,973.1,0,190
2026-07-10T21:00,29.1,81,8.1,274,973.6,0,325
2026-07-10T22:00,28.5,86,3.6,250,973.7,0,200
2026-07-10T23:00,28.3,87,4.8,283,973.5,0,160
2026-07-11T00:00,27.9,89,5.2,268,972.8,0,120
2026-07-11T01:00,27.7,89,5.2,266,972.4,0,150
2026-07-11T02:00,27.6,90,2.4,279,971.8,0,55
2026-07-11T03:00,27.5,91,1.9,326,971.9,0,45
2026-07-11T04:00,27.5,91,0.8,225,972.1,0,20
2026-07-11T05:00,27.4,93,2.8,310,972.1,0,55
2026-07-11T06:00,27.7,93,4.8,297,972.4,0,105
2026-07-11T07:00,28.6,87,1.7,41,972.9,0,195
2026-07-11T08:00,29.1,84,5.6,69,973.7,0,260
2026-07-11T09:00,30.5,77,4.7,212,973.7,0,875
2026-07-11T10:00,32.3,64,10.3,270,973.6,0,1090
2026-07-11T11:00,33.1,60,11.8,289,973.5,0,1200
2026-07-11T12:00,33.7,59,9.3,299,973.1,0.1,1230
2026-07-11T13:00,34.1,58,8.1,299,972.3,0.1,1260
2026-07-11T14:00,34.3,57,6.6,291,971.6,0.1,1305
2026-07-11T15:00,34.2,57,5.8,275,971,0,1295
2026-07-11T16:00,34.2,57,6.4,243,970.4,0,1335
2026-07-11T17:00,34.1,61,4.9,242,970.3,0,1050
2026-07-11T18:00,32.7,71,4.6,211,970.5,0,165
2026-07-11T19:00,31.7,78,2.3,162,970.9,0,30
2026-07-11T20:00,31.5,79,1,149,971.6,0,15
2026-07-11T21:00,31,81,4,170,972.1,0,55
2026-07-11T22:00,30.7,77,6.2,187,972.3,0,165
2026-07-11T23:00,31,76,5.4,214,971.9,0,130
2026-07-12T00:00,29.9,79,7.8,226,970.9,0,135
2026-07-12T01:00,29.5,80,6.6,237,970.4,0,135
2026-07-12T02:00,29.1,80,6,249,970,0,115
2026-07-12T03:00,28.9,79,6.5,240,969.4,0,135
2026-07-12T04:00,28.7,78,5.9,243,969.5,0,120
2026-07-12T05:00,29.4,74,10.9,243,969.3,0,435
2026-07-12T06:00,29.6,72,10.5,246,969.9,0,490
2026-07-12T07:00,30.5,70,10.5,253,970.3,0,570
2026-07-12T08:00,31.3,67,12.3,258,970.8,0,690
2026-07-12T09:00,32.2,64,11.8,261,971.2,0,755
2026-07-12T10:00,33.2,62,11.4,264,971.4,0,870
2026-07-12T11:00,34.3,59,11.8,276,971.5,0,1085
2026-07-12T12:00,34.6,57,10.7,286,971.5,0.1,1270
2026-07-12T13:00,35,55,9.6,290,970.9,0.1,1295
2026-07-12T14:00,35,55,8.8,290,970.5,0.1,1400
2026-07-12T15:00,34.3,59,8.9,297,970.3,0.3,1045
2026-07-12T16:00,32.4,65,9.6,311,970.4,0.3,450
2026-07-12T17:00,34.6,58,5.4,276,969.8,0.6,1230
2026-07-12T18:00,33.6,68,3.8,289,969.8,0,165
2026-07-12T19:00,32.3,73,4.2,295,970.1,0,75
2026-07-12T20:00,31.9,75,2.7,270,970.7,0,40
2026-07-12T21:00,31.5,77,2.4,228,971.6,0,35
2026-07-12T22:00,31.1,78,3.4,245,972,0,40
2026-07-12T23:00,31.5,72,8.4,254,971.7,0,220
2026-07-13T00:00,30.5,72,11.3,245,971.3,0.1,545
2026-07-13T01:00,30.5,64,13.7,275,971.2,0,800
2026-07-13T02:00,29.6,67,9.8,283,971.1,0,510
2026-07-13T03:00,28.9,70,7.7,270,971,0,325
2026-07-13T04:00,28.4,72,7.9,274,971.2,0,315
2026-07-13T05:00,29,73,11.6,262,971.3,0,435
2026-07-13T06:00,29.1,72,11.5,262,971.5,0,450
2026-07-13T07:00,30,70,10.4,268,971.9,0,540
2026-07-13T08:00,31.2,67,9.5,268,972.7,0,670
2026-07-13T09:00,32.4,63,11,275,972.9,0,820
2026-07-13T10:00,33.4,60,10.8,281,973,0,1155
2026-07-13T11:00,34.7,54,10.3,285,972.9,0,1275
2026-07-13T12:00,35.2,51,7.7,286,972.9,0,1410
2026-07-13T13:00,35.7,48,5.9,268,972.6,0,1570
2026-07-13T14:00,35.8,48,6.9,264,972.1,0,1640
2026-07-13T15:00,35.6,49,8.8,261,971.5,0,1585
2026-07-13T16:00,35.4,50,8.5,265,971.3,0,1660
2026-07-13T17:00,34.3,65,5.2,155,970.8,0,160
2026-07-13T18:00,33.5,71,4.4,150,971.1,0,125
2026-07-13T19:00,32.6,74,3.8,197,971.6,0,80
2026-07-13T20:00,32.2,67,6.4,252,972.3,0,145
2026-07-13T21:00,31.8,63,6.1,273,972.7,0,110
2026-07-13T22:00,30.8,69,6.4,310,973.5,0,225
2026-07-13T23:00,30.6,72,6.1,240,973,0,75
2026-07-14T00:00,29.8,77,4.3,253,973.1,0,65
2026-07-14T01:00,29.7,77,5.1,238,972.6,0,90
2026-07-14T02:00,29.8,72,7.6,265,972.5,0,240
2026-07-14T03:00,29.3,74,6.6,303,972.5,0,205
2026-07-14T04:00,28.7,77,6.2,330,972.8,0,175
2026-07-14T05:00,26.1,95,5.3,258,973.4,0,115
2026-07-14T06:00,26.4,85,19.6,250,973.4,1,255
2026-07-14T07:00,28.1,76,9.7,242,973.5,0.1,90
2026-07-14T08:00,30.8,70,7.9,266,973.8,0,380
2026-07-14T09:00,32,65,8,262,974.4,0,500
2026-07-14T10:00,33.4,60,9.8,262,974.8,0,955
2026-07-14T11:00,35.2,51,11.7,287,975.1,0,1480
2026-07-14T12:00,35.6,48,9.6,296,974.8,0,1550
2026-07-14T13:00,36,46,8.6,293,974.5,0,1695
2026-07-14T14:00,36.2,45,7.7,291,973.9,0,1750
2026-07-14T15:00,36.2,45,8.3,290,973.3,0,1815
2026-07-14T16:00,35.8,45,9.9,292,973.1,0,1760
2026-07-14T17:00,28.1,89,8.2,194,973.1,0,130
2026-07-14T18:00,28.7,89,9.7,205,973.1,1.1,190
2026-07-14T19:00,28.2,88,11.3,193,974.1,0.1,230
2026-07-14T20:00,28,83,6.5,208,974.8,0,145
2026-07-14T21:00,28.4,80,5.8,202,975.2,0,90
2026-07-14T22:00,28.7,76,6.6,221,975.7,0,125
2026-07-14T23:00,29.4,74,4.6,225,975.5,0,65
2026-07-15T00:00,27.4,83,7.4,84,975.3,0,70
2026-07-15T01:00,26.3,87,9.4,150,975,0,85
2026-07-15T02:00,25.9,88,6.9,173,974.8,0,65
2026-07-15T03:00,26.2,90,2.6,78,974.3,0,40
2026-07-15T04:00,26.3,91,2.3,119,974.4,0,35
2026-07-15T05:00,26.4,88,6.8,180,975,0,200
2026-07-15T06:00,25.4,96,9.5,111,975.8,2.4,135
2026-07-15T07:00,26,98,7.2,168,975.6,0.9,95
2026-07-15T08:00,29.1,84,5.3,188,976.2,0.1,355
2026-07-15T09:00,31.9,65,5.6,249,976.7,0,740
2026-07-15T10:00,33.7,55,8.7,275,976.9,0,955
2026-07-15T11:00,35.4,48,8.8,271,977,0,1605
2026-07-15T12:00,36,44,8.5,276,976.7,0,1825
2026-07-15T13:00,36.3,42,9.7,281,975.9,0,1880
2026-07-15T14:00,36.3,43,9.7,294,975.5,0,1875
2026-07-15T15:00,36.1,43,9.2,293,975.1,0,1790
2026-07-15T16:00,35.8,44,9.4,274,974.5,0,1615
2026-07-15T17:00,34,52,8.8,178,974.2,0,380
2026-07-15T18:00,32.8,57,8.1,176,974.6,0,200
2026-07-15T19:00,31.9,64,7.6,198,975.1,0,195
2026-07-15T20:00,31.6,65,8.3,237,975.8,0,200
2026-07-15T21:00,31.5,64,6.4,260,976.4,0,160
2026-07-15T22:00,31.2,64,4.9,262,976.9,0,130
2026-07-15T23:00,31.8,63,5.6,239,976.3,0,100
2026-07-16T00:00,31,66,6.3,257,976.5,0,200
2026-07-16T01:00,30.6,67,5.2,256,976.2,0,135
2026-07-16T02:00,30.3,67,6.1,251,976,0,130
2026-07-16T03:00,30,66,7.5,253,975.9,0,180
2026-07-16T04:00,29.8,65,9,268,976,0,310
2026-07-16T05:00,30,64,9,269,976.1,0,235
2026-07-16T06:00,30.2,63,9.2,274,976.3,0,260
2026-07-16T07:00,31.3,61,7.9,270,976.7,0,320
2026-07-16T08:00,32.7,56,9.2,282,976.9,0,430
2026-07-16T09:00,34.1,53,9.6,284,977.2,0,950
2026-07-16T10:00,35.6,48,10.9,290,977.4,0,1690
2026-07-16T11:00,36.9,42,12.6,303,977.4,0,1865
2026-07-16T12:00,36.7,42,11.7,299,977.1,0,1890
2026-07-16T13:00,37.1,40,12.5,295,976.3,0,1930
2026-07-16T14:00,37.3,40,12.5,298,975.6,0,1960
2026-07-16T15:00,37.2,39,12.5,297,974.9,0,1980
2026-07-16T16:00,37.1,39,11.4,296,974.4,0,2050
2026-07-16T17:00,37.3,38,12.4,310,973.7,0,2055
2026-07-16T18:00,36.6,40,7.8,314,974,0,1475
2026-07-16T19:00,35.1,46,5.2,316,974.5,0,190
2026-07-16T20:00,34.3,56,2.4,306,975.1,0,40
2026-07-16T21:00,34,59,1.5,339,975.8,0,20
2026-07-16T22:00,33.7,61,1.5,21,975.8,0,25
2026-07-16T23:00,34.3,58,1.4,180,975.2,0,20
2026-07-17T00:00,33.2,60,3.2,183,974.9,0,35
2026-07-17T01:00,32.5,65,2.3,162,974.8,0,55
2026-07-17T02:00,31.7,67,2.8,225,974.7,0,85
2026-07-17T03:00,31.1,69,4,252,974.6,0,95
2026-07-17T04:00,30.7,70,4.6,239,974.8,0,70
2026-07-17T05:00,31.1,70,3.5,279,974.8,0,115
2026-07-17T06:00,31,69,7,252,975.5,0,145
2026-07-17T07:00,31.8,65,7.5,260,976,0,270
2026-07-17T08:00,33,56,9.4,268,976.3,0,400
2026-07-17T09:00,34.5,51,10.5,277,976.5,0,680
2026-07-17T10:00,36,45,11.2,281,976.7,0,1555
2026-07-17T11:00,36.6,41,11.8,301,976.9,0,1795
2026-07-17T12:00,36.4,42,11.8,309,976.4,0.2,1790
2026-07-17T13:00,36.9,41,11.6,305,975.8,0.1,1840
2026-07-17T14:00,37.2,40,10.9,304,975,0,1830
2026-07-17T15:00,37.4,39,11.8,295,974.1,0,1910
2026-07-17T16:00,37,39,12.1,295,973.7,0,1940
2026-07-17T17:00,37,38,11.3,301,973.7,0,2090
2026-07-17T18:00,35.8,45,6.3,307,974.1,0,1680
2026-07-17T19:00,34.7,55,2.8,320,974.4,0,225
2026-07-17T20:00,34.4,57,1,248,974.9,0,30
2026-07-17T21:00,33.9,61,1.3,188,975.8,0,35
2026-07-17T22:00,33,64,2.9,187,975.9,0,65
2026-07-17T23:00,33.1,65,2.6,192,975.4,0,35
2026-07-18T00:00,31.9,68,6.1,214,975.3,0,135
2026-07-18T01:00,31.4,66,3.1,242,975.1,0,90
2026-07-18T02:00,31.2,65,3.1,273,974.9,0,80
2026-07-18T03:00,31.3,61,4.5,270,974.6,0,110
2026-07-18T04:00,31.2,59,8,252,974.7,0,215
2026-07-18T05:00,31.1,65,11,276,974.5,0,530
2026-07-18T06:00,31,61,11.1,282,974.8,0,585
2026-07-18T07:00,31.8,57,10.7,279,975.3,0,670
2026-07-18T08:00,32.1,58,9.7,273,975.5,0,765
2026-07-18T09:00,33.1,56,11.5,278,975.8,0,895
2026-07-18T10:00,34.8,51,13.7,283,975.8,0,1110
2026-07-18T11:00,35.5,49,14.9,291,975.9,0,1180
2026-07-18T12:00,35.6,49,13.7,295,975.4,0,1225
2026-07-18T13:00,36,47,11.9,297,974.7,0,1310
2026-07-18T14:00,36,47,9.8,294,974.3,0,1340
2026-07-18T15:00,36.3,44,9.3,292,973.8,0,1640
2026-07-18T16:00,35.7,46,7.9,281,973.4,0,1615
2026-07-18T17:00,36.3,42,5.8,306,973.3,0,1775
2026-07-18T18:00,35.5,49,3.8,245,973.9,0,270
2026-07-18T19:00,34.4,51,4.9,246,974.4,0,140
2026-07-18T20:00,34.1,52,4.4,249,974.6,0,105
2026-07-18T21:00,33.9,52,4.4,218,975,0,55
2026-07-18T22:00,33.2,57,4.1,178,975.6,0,80
2026-07-18T23:00,33.6,52,6.6,202,975.3,0,160
2026-07-19T00:00,32,65,4.9,188,975.1,0,110
2026-07-19T01:00,31.2,70,5.7,191,974.8,0,95
2026-07-19T02:00,30.7,71,5.6,186,974.5,0,125
2026-07-19T03:00,30.4,70,6.9,194,974.7,0,190
2026-07-19T04:00,30.1,70,6.7,214,974.7,0,205
2026-07-19T05:00,29.8,81,2.8,108,974.4,0,15
2026-07-19T06:00,30.4,80,5.3,204,975.2,0,40
2026-07-19T07:00,31.6,71,6.8,238,975.1,0,275
2026-07-19T08:00,32.5,62,8.1,269,975.7,0,500
2026-07-19T09:00,33,58,7.5,278,976.3,0,550
2026-07-19T10:00,34.1,54,8,284,976.4,0,750
2026-07-19T11:00,35.6,47,11.1,304,976.4,0,1550
2026-07-19T12:00,36,46,11.2,308,976.2,0,1670
2026-07-19T13:00,35,51,8.1,294,975.6,0.4,1535
2026-07-19T14:00,35.2,51,4.9,231,975,0,1490
2026-07-19T15:00,34.9,55,4.3,204,974.4,0,550
2026-07-19T16:00,33.6,60,5.4,48,974.6,1.8,920
2026-07-19T17:00,36.6,43,1.6,354,973.6,0.1,1800
2026-07-19T18:00,34.2,57,10.4,100,974.4,0.2,655
2026-07-19T19:00,31.6,79,11.2,122,974.6,0.1,325
2026-07-19T20:00,31.2,81,9.7,155,975.4,0,425
2026-07-19T21:00,31.2,81,6.5,157,976.5,0.1,710
2026-07-19T22:00,30.7,84,6.4,122,976.8,0.5,515
2026-07-19T23:00,31.6,78,8.7,137,976.5,0.5,590
2026-07-20T00:00,30.3,84,7.5,120,975.8,0,395
2026-07-20T01:00,28.8,89,8.5,128,975.3,0.1,250
2026-07-20T02:00,28.1,90,7.6,117,975,0,270
2026-07-20T03:00,28.4,90,4.2,220,975.2,0,430
2026-07-20T04:00,26.8,94,9.4,225,975.3,4.8,265
2026-07-20T05:00,28.5,84,8.5,207,975,1.1,350
2026-07-20T06:00,28.6,85,8,218,974.9,0.2,285
2026-07-20T07:00,28.2,87,6.7,251,975.4,0.6,410
2026-07-20T08:00,27.7,92,1.8,135,976.1,4.2,140
2026-07-20T09:00,28.7,90,6.7,185,976.7,0.9,365
2026-07-20T10:00,29.5,86,0.6,18,977.1,0.9,485
2026-07-20T11:00,31.7,71,4.5,194,976.8,0.4,750
2026-07-20T12:00,30.8,76,6.6,111,976.7,1.2,545
2026-07-20T13:00,28.9,86,11.5,139,976.3,7.2,405
2026-07-20T14:00,29.1,85,7.6,152,975.5,0.7,360
2026-07-20T15:00,30.2,81,4.2,200,974.9,0.1,440
2026-07-20T16:00,30.5,79,4.4,201,974.8,0,480
2026-07-20T17:00,29.9,78,5.5,218,975.8,0,490
2026-07-20T18:00,27.5,92,4,30,976.1,4.3,85
2026-07-20T19:00,27.4,93,2.7,180,975.7,3.4,145
2026-07-20T20:00,27.4,95,4.6,222,976.4,1.1,180
2026-07-20T21:00,27.4,95,3.4,254,977.1,0.6,155
2026-07-20T22:00,27.3,94,3.3,241,977.5,0.1,155
2026-07-20T23:00,26.5,96,1.6,270,977.4,0,45
2026-07-21T00:00,26.7,95,3.6,70,976.8,0.2,105
2026-07-21T01:00,26.5,95,7.8,82,976.3,0.6,230
2026-07-21T02:00,26.3,95,7.6,83,976.3,0.2,250
2026-07-21T03:00,26.3,93,7.6,97,975.9,0.2,320
2026-07-21T04:00,26.1,93,6,107,976,0.3,275
2026-07-21T05:00,26.3,93,5.1,27,975.7,0.4,230
2026-07-21T06:00,25.7,95,6.5,51,976.5,3.8,205
2026-07-21T07:00,25.9,95,9.1,72,976.5,1,395
2026-07-21T08:00,26.4,92,9.2,84,976.9,0.4,435
2026-07-21T09:00,27,88,8.5,86,976.8,0.1,475
2026-07-21T10:00,28,84,8.6,101,976.9,0.2,625
2026-07-21T11:00,26.7,95,11.9,94,976.6,0.1,605
2026-07-21T12:00,27.7,94,7.9,89,976.1,0.9,700
2026-07-21T13:00,29.5,86,7.2,109,975.5,0.5,900
2026-07-21T14:00,29.1,85,8,104,974.8,0.4,530
2026-07-21T15:00,27.5,92,9.3,106,974.5,4.3,335
2026-07-21T16:00,28.4,87,6,111,973.9,0.6,390
2026-07-21T17:00,29.9,74,7.2,78,973.7,0.1,530
2026-07-21T18:00,28.9,82,6.9,127,974.2,0.1,535
2026-07-21T19:00,28.4,86,4.6,99,974.9,0.1,330
2026-07-21T20:00,28.2,87,7.7,99,975.6,0,340
2026-07-21T21:00,28,87,7.6,98,976.1,0,360
2026-07-21T22:00,27.7,88,10.3,105,976.7,0.1,440
2026-07-21T23:00,26.7,95,12.2,117,976.4,0.1,350
2026-07-22T00:00,26.5,94,10.9,117,976,0.1,360
2026-07-22T01:00,26.4,94,9.4,110,975.4,0,370
2026-07-22T02:00,26.3,95,8.7,103,974.9,0,405
2026-07-22T03:00,25.8,96,11.2,100,975.2,1,390
2026-07-22T04:00,25.8,95,11.2,95,975.8,0.4,460
2026-07-22T05:00,25.8,95,11.6,98,975.3,0.6,455
2026-07-22T06:00,25.9,95,13.3,99,975.7,0.7,565
2026-07-22T07:00,26.7,89,15.7,107,975.9,0.2,665
2026-07-22T08:00,27.1,84,16.5,110,976.5,0.7,710
2026-07-22T09:00,28.7,77,14.3,118,976.5,0.4,775
2026-07-22T10:00,29.9,74,13.4,125,976.4,0.7,875
2026-07-22T11:00,30.6,67,15,124,976.3,0.2,965
2026-07-22T12:00,31.3,66,14.4,121,975.9,0.2,1115
2026-07-22T13:00,31.7,67,11.9,110,975.1,0,1240
2026-07-22T14:00,31.8,67,11.4,106,974,0.1,1195
2026-07-22T15:00,31.6,69,10.7,104,973.5,0.1,1045
2026-07-22T16:00,31.5,68,8.8,101,972.7,0.1,945
2026-07-22T17:00,28.4,88,5.7,46,973.4,0.1,265
2026-07-22T18:00,28.9,86,3.6,45,973.8,0,250
2026-07-22T19:00,28.6,89,4.6,64,974.2,0,210
2026-07-22T20:00,28.8,89,7,64,974.8,0,295
2026-07-22T21:00,28.9,87,9.2,83,975.2,0,495
2026-07-22T22:00,28.6,84,9.2,97,975.4,0.1,595
2026-07-22T23:00,28.2,84,10.1,101,975.2,0,565
2026-07-23T00:00,28.2,84,11.1,99,974.8,0,645
2026-07-23T01:00,27.9,84,11.3,98,974.3,0,660
2026-07-23T02:00,27.7,85,11.8,103,974,0,645
2026-07-23T03:00,27.4,85,10.6,104,973.8,0,610
2026-07-23T04:00,27.2,86,10.5,103,973.9,0,605
2026-07-23T05:00,26.6,93,9.6,107,974.1,0,510
2026-07-23T06:00,26.1,95,8.7,96,974.3,1.5,345
2026-07-23T07:00,26.6,93,12.4,103,974.6,0.4,525
2026-07-23T08:00,27.6,85,12.1,100,974.8,0.2,580
2026-07-23T09:00,28.4,83,9.8,96,974.6,0.3,645
2026-07-23T10:00,30.3,74,12.8,107,974.5,0.1,1015
2026-07-23T11:00,31,68,14.5,104,974.5,0,1100
2026-07-23T12:00,31.5,65,15,106,973.9,0.1,1105
2026-07-23T13:00,31.9,65,13.8,104,973.2,0.2,1125
2026-07-23T14:00,32.2,64,13.3,99,972.4,0.1,1140
2026-07-23T15:00,29.7,76,15,107,972.3,1.3,585
2026-07-23T16:00,30.2,76,4.7,97,971.6,0.6,580
2026-07-23T17:00,31.3,70,10.7,110,971.8,0.2,1030
2026-07-23T18:00,30.2,75,8.6,113,972.4,0.2,690
2026-07-23T19:00,29.8,76,7.8,109,972.7,0,560
2026-07-23T20:00,28.6,82,8.5,136,973.6,0.3,480
2026-07-23T21:00,26.2,94,9.1,65,974.6,3.5,255
2026-07-23T22:00,26.5,94,11.6,105,974.4,0.8,435
2026-07-23T23:00,27.5,88,13.1,108,974.4,0,640
2026-07-24T00:00,27.1,88,10.8,101,974.1,0,590
2026-07-24T01:00,26.9,89,10.9,103,974,0,685
2026-07-24T02:00,26.8,89,9.7,90,973.3,0,620
2026-07-24T03:00,26.7,90,9.7,93,973.4,0,700
2026-07-24T04:00,26.5,91,10.3,93,973.5,0,680
2026-07-24T05:00,25.8,95,9.7,80,973.6,0.1,440
2026-07-24T06:00,25.9,94,12.1,84,973.2,0.1,475
2026-07-24T07:00,26.8,90,10.8,91,973.8,0,600
2026-07-24T08:00,28.2,83,14.7,102,973.8,0,720
2026-07-24T09:00,29.3,77,14.2,105,974.2,0.1,795
2026-07-24T10:00,30.3,73,13.4,110,974.3,0.2,840
2026-07-24T11:00,30.3,75,12.9,122,974.5,0.2,910
2026-07-24T12:00,31,73,12.1,130,974.3,0.6,1165
2026-07-24T13:00,29.5,79,12.6,158,973.2,1.3,550
2026-07-24T14:00,28.7,83,6.8,122,973,4.8,470
2026-07-24T15:00,29.7,80,7.1,97,972,0.8,545
2026-07-24T16:00,30.6,74,7.6,117,971.4,0.1,660
2026-07-24T17:00,30,82,6.2,73,971.1,0.2,365
2026-07-24T18:00,30,83,7.7,81,971.5,0,495
2026-07-24T19:00,29.6,84,7.9,111,972.6,0,460
2026-07-24T20:00,29.4,84,9.6,95,973.5,0,460
2026-07-24T21:00,29,84,10.8,95,974.5,0,410
2026-07-24T22:00,28.6,85,10.5,98,974.8,0,450
2026-07-24T23:00,28.3,86,12.4,104,974.6,0,555
2026-07-25T00:00,28.1,85,12.4,112,974.6,0,535
2026-07-25T01:00,28,83,11.9,115,974.7,0,530
2026-07-25T02:00,27.6,84,11,109,974.7,0.1,510
2026-07-25T03:00,27.5,87,10.5,117,974.5,0.1,540
2026-07-25T04:00,27.4,87,10.5,117,974.5,0.1,515
2026-07-25T05:00,27.4,89,9.4,122,974.4,0.1,500
2026-07-25T06:00,27.5,89,7.7,129,975.7,0,435
2026-07-25T07:00,28.2,87,7.4,122,976.1,0,525
2026-07-25T08:00,28.8,81,11.8,115,976.3,0.1,665
2026-07-25T09:00,29.7,75,10.5,115,976.7,0.1,745
2026-07-25T10:00,30.4,73,10.6,114,976.9,0.3,960
2026-07-25T11:00,31.5,66,12.5,123,976.6,0.3,1070
2026-07-25T12:00,31.5,66,12.6,124,975.9,0.2,990
2026-07-25T13:00,32.1,64,10.7,126,975.3,0.1,925
2026-07-25T14:00,32.3,63,12.2,127,974.6,0.3,945
2026-07-25T15:00,32.3,64,11.6,125,974.4,0.3,915
2026-07-25T16:00,31.4,68,11.6,111,973.8,0.2,765
2026-07-25T17:00,30.2,82,8.6,89,974.2,0,470
2026-07-25T18:00,29.6,82,11.2,90,974.5,0,450
2026-07-25T19:00,28.8,83,8.9,82,975.3,0,340
2026-07-25T20:00,28.4,86,9.8,85,976.3,0,310
2026-07-25T21:00,28,88,8.3,86,976.8,0,255
2026-07-25T22:00,27.7,89,8.3,94,977.1,0,270
2026-07-25T23:00,27.4,92,9.1,81,976.6,0,250
2026-07-26T00:00,27.4,93,9.6,81,976.4,0.1,355
2026-07-26T01:00,27.5,94,8.2,100,976,0,315
2026-07-26T02:00,27.5,95,7.9,102,975.7,0,320
2026-07-26T03:00,27.3,95,7.1,100,975.7,0,320
2026-07-26T04:00,27.3,95,6.1,104,975.9,0,295
2026-07-26T05:00,28.3,91,4.3,135,975.7,0,335
2026-07-26T06:00,27.6,94,4.7,140,975.8,0.4,150
2026-07-26T07:00,28.5,90,5,154,976.1,0.1,300
2026-07-26T08:00,29.5,84,2.3,122,976.4,0,395
2026-07-26T09:00,30.7,78,3.3,81,976.3,0,590
2026-07-26T10:00,31.5,73,3.8,93,976.5,0.1,855
2026-07-26T11:00,32.5,63,3.9,68,976.7,0.1,1015
2026-07-26T12:00,32.9,63,3.7,113,976.6,0.2,985
2026-07-26T13:00,33.5,62,4.3,132,976,0.2,1065
2026-07-26T14:00,33.7,60,4.2,144,975,0.1,1065
2026-07-26T15:00,33.7,59,3.3,144,974.3,0.1,1065
2026-07-26T16:00,33.5,61,3.2,117,973.6,0,1010
2026-07-26T17:00,33.7,60,3.9,77,973.2,0,1125
2026-07-26T18:00,32.6,70,4.1,45,973.2,0,140
2026-07-26T19:00,31.7,77,3.1,54,973.6,0,55
2026-07-26T20:00,31.3,80,0.2,270,974.2,0,10
2026-07-26T21:00,31.1,83,0.3,315,974.8,0,15
2026-07-26T22:00,30.9,83,0.9,180,975,0,40
2026-07-26T23:00,30.6,85,1.2,141,974.5,0,45
2026-07-27T00:00,30.2,86,1.2,117,974.3,0,30
2026-07-27T01:00,29.8,88,0.5,180,973.6,0,15
2026-07-27T02:00,29.5,87,2.7,208,973.2,0,50
2026-07-27T03:00,29.4,84,2.1,211,973.1,0,40
2026-07-27T04:00,29.2,84,2.1,211,973.2,0,35
2026-07-27T05:00,29.7,84,2.3,293,973.3,0,80
2026-07-27T06:00,29.9,82,2.4,306,973.4,0,75
2026-07-27T07:00,30.5,79,1.7,302,973.8,0,225
2026-07-27T08:00,31.4,75,2.3,288,973.8,0,445
2026-07-27T09:00,32.4,69,2.1,285,973.8,0,845
2026-07-27T10:00,33.2,65,2.3,299,974.1,0.2,1085
2026-07-27T11:00,34.3,55,1.4,270,973.6,0.1,1300
2026-07-27T12:00,35.1,53,4.2,227,973.7,0,1505
2026-07-27T13:00,35.2,54,4.4,232,972.9,0,1535
2026-07-27T14:00,35.3,53,5.4,256,972,0,1550
2026-07-27T15:00,34.2,55,4.5,268,971.4,0,1015
2026-07-27T16:00,33.7,58,1.4,310,971.3,0.2,570
2026-07-27T17:00,33,64,2.1,195,971.2,0,605
2026-07-27T18:00,32,76,1.6,360,971.1,0,35
2026-07-27T19:00,31.6,78,1.5,111,971.4,0,45
2026-07-27T20:00,31.1,77,6.5,118,972.2,0,265
2026-07-27T21:00,30,83,9.6,118,972.8,0,300
2026-07-27T22:00,29.2,84,11.6,132,973.4,0,355
2026-07-27T23:00,30.1,87,10.6,137,972.9,0.1,445
2026-07-28T00:00,28.4,87,13.3,161,973.4,0.2,465
2026-07-28T01:00,27.3,92,6.9,135,973.2,0.5,330
2026-07-28T02:00,27,94,10.6,124,972.8,0.5,375
2026-07-28T03:00,26.3,96,7.6,128,972.5,0.3,235
2026-07-28T04:00,26.1,97,9.1,122,972.3,0.4,235
2026-07-28T05:00,28.5,92,7.9,153,971.8,0.2,245
2026-07-28T06:00,28.5,93,8,128,972.5,0.3,250
2026-07-28T07:00,28.8,93,7.9,184,972.8,0.4,335
2026-07-28T08:00,28.3,88,12,126,973.3,0.8,390
2026-07-28T09:00,28.1,90,10.5,143,974.1,0.7,390
2026-07-28T10:00,27.2,94,9.4,148,975,3.1,275
2026-07-28T11:00,27.5,93,8.7,111,974.7,1.4,215
2026-07-28T12:00,26.7,95,9.1,141,974,4.2,160
2026-07-28T13:00,26.9,93,7.8,146,973.9,2.5,165
2026-07-28T14:00,26.9,94,4,180,972.8,1.7,115
2026-07-28T15:00,27.3,92,5.1,163,972.3,1.3,170
2026-07-28T16:00,27.1,94,4.7,162,971.7,0.7,130
2026-07-28T17:00,31,72,3.8,329,971.8,0.2,640
2026-07-28T18:00,30.2,77,4.3,338,971.9,0.1,340
2026-07-28T19:00,29.5,83,2.3,45,972.5,0,90
2026-07-28T20:00,28.9,86,3.8,109,973.2,0,115
2026-07-28T21:00,28.6,87,5.2,104,974.2,0,150
2026-07-28T22:00,28.2,88,6.3,105,974.7,0,185
2026-07-28T23:00,27.9,89,2.4,171,974.5,0,170
2026-07-29T00:00,27.7,91,1.7,162,974.4,0,90
2026-07-29T01:00,27.6,91,1.7,108,974.4,0,90
2026-07-29T02:00,27.1,94,5.5,81,973.9,0.4,150
2026-07-29T03:00,26.7,95,4.7,108,973.9,0.2,130
2026-07-29T04:00,26.7,95,3.2,128,974.2,0,115
2026-07-29T05:00,26.7,97,2.4,167,973.7,0,100
2026-07-29T06:00,26.4,96,2.3,119,974.4,1.3,140
2026-07-29T07:00,26.3,99,5.1,113,974.8,1.6,175
2026-07-29T08:00,26.8,93,2.9,90,975.1,0.6,265
2026-07-29T09:00,28,87,1.8,114,975.4,0.6,400
2026-07-29T10:00,28.8,84,2.9,112,975.5,0.3,465
2026-07-29T11:00,30.9,75,1.9,299,975.1,0.1,745
2026-07-29T12:00,31.7,73,1.1,18,974.9,0.1,925
2026-07-29T13:00,32,72,1.5,14,974.2,0.1,905
2026-07-29T14:00,32.3,68,1.6,6,973.3,0.2,845
2026-07-29T15:00,32.5,67,1.9,253,972.6,0.2,915
2026-07-29T16:00,32.3,67,1.7,13,971.8,0.1,880
2026-07-29T17:00,32.5,68,5.3,172,971.6,0,755
2026-07-29T18:00,31.7,77,4.3,163,971.7,0,245
2026-07-29T19:00,30.8,82,3.3,144,972.5,0,190
2026-07-29T20:00,30.3,83,4.6,141,973.3,0,175
2026-07-29T21:00,29.8,85,4.5,127,974.2,0,135
2026-07-29T22:00,29.4,88,3.5,118,974.3,0,95
2026-07-29T23:00,29.8,86,7,113,974,0,145
2026-07-30T00:00,29.2,89,7.5,107,973.5,0,170
2026-07-30T01:00,28,85,2.5,356,973.6,0,60
2026-07-30T02:00,25.5,96,1.9,34,973.4,6.1,25
2026-07-30T03:00,26.1,95,2.7,138,973,0.6,45
2026-07-30T04:00,26.3,97,1.9,107,972.9,0.1,45
2026-07-30T05:00,28.3,95,0.8,207,972.4,0,30
2026-07-30T06:00,28.4,95,2.1,31,972.8,0.8,25
2026-07-30T07:00,28.4,89,11.5,132,973.6,1,390
2026-07-30T08:00,29.2,85,9.1,144,974.1,0.4,415
2026-07-30T09:00,30.4,78,5.8,166,974.3,0.1,730
2026-07-30T10:00,31.6,72,6.9,155,974.7,0,1050
2026-07-30T11:00,32.8,64,6.1,120,974.6,0,1230
2026-07-30T12:00,32.9,63,7.7,115,974.1,0.1,1120
2026-07-30T13:00,32,67,7.5,138,973.9,0.6,750
2026-07-30T14:00,32.8,64,4.6,111,972.9,0.1,980
2026-07-30T15:00,33.1,62,5,105,972.1,0.1,1095
2026-07-30T16:00,33.2,61,6.7,104,971.5,0.1,1170
2026-07-30T17:00,31.5,73,9.4,88,971.4,0,740
2026-07-30T18:00,29,84,13,70,971.8,0.7,415
2026-07-30T19:00,28.5,86,6.8,63,972.6,0,300
2026-07-30T20:00,28.5,88,7,67,973.4,0,350
2026-07-30T21:00,28.4,90,7.1,80,974.1,0,370
2026-07-30T22:00,28.3,91,7.9,89,974.4,0,385
2026-07-30T23:00,28.8,90,11.1,104,974.2,0,630
2026-07-31T00:00,28.6,89,11.2,101,973.7,0,620
2026-07-31T01:00,28.4,89,10.5,106,973.6,0,680
2026-07-31T02:00,28.3,88,10.3,103,973.5,0,680
2026-07-31T03:00,28.1,87,10.4,99,973.4,0,705
2026-07-31T04:00,27.9,87,10.9,96,973.7,0,760
2026-07-31T05:00,28.1,84,12.6,107,973.4,0,730
2026-07-31T06:00,27.9,85,10.9,97,973.9,0,820
2026-07-31T07:00,28.6,82,11.2,94,974.4,0,925
2026-07-31T08:00,28.9,80,14.2,98,974.8,0.1,830
2026-07-31T09:00,29.5,77,14.4,99,975,0.2,800
2026-07-31T10:00,29.8,75,14.4,99,975.1,0.2,800
2026-07-31T11:00,30.5,72,12,99,975.4,0.1,1025
2026-07-31T12:00,31.4,68,14.4,102,974.7,0.1,1040
2026-07-31T13:00,32,64,13.6,102,973.9,0.1,1015
2026-07-31T14:00,32.5,63,12.3,101,973,0.3,1005
2026-07-31T15:00,32.4,63,12.5,98,972.2,0.3,980
2026-07-31T16:00,29.4,78,10.4,111,971.5,2.1,295
2026-07-31T17:00,31.4,73,7.2,90,971.7,1.1,755
2026-07-31T18:00,30.9,75,7.9,79,972.1,0,740
2026-07-31T19:00,30,80,8.7,77,972.8,0,465
2026-07-31T20:00,29.6,83,8.5,77,973.5,0,415
2026-07-31T21:00,29.1,84,11.4,101,974.3,0.3,615
2026-07-31T22:00,28.8,85,11.1,99,974.7,0,600
2026-07-31T23:00,28,87,9.2,87,974.1,0,450
2026-08-01T00:00,27.9,88,10.8,101,974.2,0,615
2026-08-01T01:00,27.1,94,9.4,93,974.1,2.6,455
2026-08-01T02:00,27.1,92,11,96,973.5,0,500
2026-08-01T03:00,27.1,91,11.1,97,973.5,0,550
2026-08-01T04:00,27.2,91,10.3,91,973.7,0,580
2026-08-01T05:00,26.7,95,9.9,95,973.6,0.1,440
2026-08-01T06:00,27,93,10.4,88,974,0,515
2026-08-01T07:00,27.1,90,12,78,974.5,0.1,540
2026-08-01T08:00,27.8,87,12.3,96,974.6,0,585
2026-08-01T09:00,29.4,78,12.1,105,974.4,0.1,660
2026-08-01T10:00,30.6,73,12.2,106,974.4,0.2,740
2026-08-01T11:00,31.5,70,11.6,105,974.3,0.4,1045
2026-08-01T12:00,32.1,69,11.3,100,973.7,0.1,1100
2026-08-01T13:00,32.4,66,12.5,108,973.2,0.1,1140
2026-08-01T14:00,32,64,10.5,82,972.5,0.2,940
2026-08-01T15:00,31.2,71,9.1,72,971.6,0.7,705
2026-08-01T16:00,31.4,74,8,70,971.3,0.1,795
2026-08-01T17:00,30.5,78,10.3,87,971.8,0.7,605
2026-08-01T18:00,30.3,81,7.1,96,972.2,0.1,470
2026-08-01T19:00,29.7,84,7,90,972.5,0,425
2026-08-01T20:00,29.4,86,7,87,973.2,0,420
2026-08-01T21:00,29.3,87,8.3,89,974,0,465
2026-08-01T22:00,29.2,87,9.9,111,974.4,0,575
2026-08-01T23:00,27.2,89,12.1,93,974.4,0,365
2026-08-02T00:00,26.7,90,11,108,974,0.2,315
2026-08-02T01:00,26.7,92,8.8,121,974.4,0.3,285
2026-08-02T02:00,26.9,93,7.9,106,974.1,0.3,315
2026-08-02T03:00,26.7,94,6.5,104,973.5,0.1,245
2026-08-02T04:00,26.8,94,6.9,118,974.2,0,235
2026-08-02T05:00,27.1,95,9.4,93,974.1,0,235
2026-08-02T06:00,26.6,96,12,98,975,0.2,280
2026-08-02T07:00,26.9,95,7,94,975.1,0.3,285
2026-08-02T08:00,28.5,88,8.5,97,975.3,0.1,465
2026-08-02T09:00,30.2,79,9,105,975.3,0,580
2026-08-02T10:00,31.6,71,8.3,112,975.2,0.1,805
2026-08-02T11:00,32.8,64,8.1,129,975.1,0.1,1015
2026-08-02T12:00,33.7,59,7.3,121,974.7,0.1,1210
2026-08-02T13:00,32.9,61,10.9,97,974.4,0.8,945
2026-08-02T14:00,32.2,68,9.9,102,973.6,0.8,685
2026-08-02T15:00,32.6,67,7.6,108,972.9,0,780
2026-08-02T16:00,32.4,67,8.4,115,972.5,0.4,760
2026-08-02T17:00,27.6,93,4.6,167,973.1,0.3,155
2026-08-02T18:00,28.3,91,8.9,65,973.8,0.5,305
2026-08-02T19:00,27.5,93,5.4,64,973.6,0.1,160
2026-08-02T20:00,27.7,94,5.5,67,974.5,0.1,165
2026-08-02T21:00,27.8,94,5.2,68,975.5,0,190
2026-08-02T22:00,27.9,94,6.9,85,975.8,0,220
2026-08-02T23:00,28.6,94,6.2,98,975.1,0,180
2026-08-03T00:00,28.5,94,6.1,102,974.9,0,175
2026-08-03T01:00,28.4,94,7.3,100,974.8,0,230
2026-08-03T02:00,27.9,93,8.5,103,974.5,0,235
2026-08-03T03:00,27.4,94,7.6,109,974.2,0,245
2026-08-03T04:00,27.2,95,7.6,117,974.3,0,265
2026-08-03T05:00,27.4,94,7.6,142,974.1,0.2,255
2026-08-03T06:00,27.7,96,4.3,132,974.8,0.3,280
2026-08-03T07:00,27.8,94,5.7,99,974.9,0.3,295
2026-08-03T08:00,28.4,88,3.6,135,975.8,0.9,320
2026-08-03T09:00,29.5,83,3.9,146,976.1,0.1,490
2026-08-03T10:00,30.4,81,4.7,118,976.2,0.2,675
2026-08-03T11:00,31.3,73,7.4,83,975.8,0.2,605
2026-08-03T12:00,32.6,69,8.4,118,975.8,0.2,1025
2026-08-03T13:00,33.4,67,6.1,113,975.2,0,1315
2026-08-03T14:00,30.7,75,11.9,142,974.7,1.1,565
2026-08-03T15:00,30.9,79,4.1,157,974.4,0.6,700
2026-08-03T16:00,30.1,80,6.7,171,973.8,0.8,465
2026-08-03T17:00,32.3,75,8.6,147,973.3,0.1,740
2026-08-03T18:00,29.8,84,7.8,199,973.4,0.9,335
2026-08-03T19:00,27.7,94,6.9,104,974.6,2.5,315
2026-08-03T20:00,27.3,95,8.3,134,975.5,1.2,335
2026-08-03T21:00,27.3,94,0.9,281,976.5,2.6,30
2026-08-03T22:00,27.1,95,2.8,130,976.4,1.8,200
2026-08-03T23:00,26.9,98,5.5,142,976.5,0.3,195
2026-08-04T00:00,26.9,97,8.2,148,975.9,1.2,315
2026-08-04T01:00,26.7,98,7.2,145,975.5,0.5,290
2026-08-04T02:00,26.5,98,7.1,146,975.3,0.2,275
2026-08-04T03:00,26.6,98,6,129,975.7,0.1,255
2026-08-04T04:00,26.6,98,4.5,137,975.6,0.1,235
2026-08-04T05:00,26.6,97,8.7,156,975.1,0.1,325
2026-08-04T06:00,26.3,98,7.2,179,976,1.4,305
2026-08-04T07:00,26.7,95,2.7,222,976,1.1,215
2026-08-04T08:00,27.3,93,4.6,193,976.7,0.6,270
2026-08-04T09:00,28.5,86,3.9,146,977,0.2,275
2026-08-04T10:00,29.5,83,1.8,180,977.5,0.3,575
2026-08-04T11:00,27.8,93,5.9,282,977.4,0.6,215
2026-08-04T12:00,27.8,93,4.3,343,976.9,0.9,200
2026-08-04T13:00,28.4,89,6.1,2,976.5,0.8,335
2026-08-04T14:00,28.5,86,6,353,975.9,0.6,325
2026-08-04T15:00,29.3,83,5.1,352,975.3,0.6,375
2026-08-04T16:00,29.4,83,4.7,2,974.4,0,370
2026-08-04T17:00,27.3,95,2.8,55,974.7,0,160
2026-08-04T18:00,27.3,94,3.4,74,974.7,1.8,135
2026-08-04T19:00,27.2,95,1.1,9,975,0.9,45
2026-08-04T20:00,27.1,97,1.3,344,975.7,0.5,80
2026-08-04T21:00,27.1,96,1,68,976.5,0.5,25
2026-08-04T22:00,26.8,97,2.5,86,976.5,0.4,65
2026-08-04T23:00,27.4,97,2.4,318,975.8,0.2,60
2026-08-05T00:00,27.4,97,1.7,18,975,0,55
2026-08-05T01:00,27.3,97,2.1,345,974.8,0,85
2026-08-05T02:00,27.2,93,1.7,283,974.5,0,60
2026-08-05T03:00,26.9,95,1.8,294,974.4,0,80
2026-08-05T04:00,26.9,93,3.1,21,974.3,0,160
2026-08-05T05:00,26.5,97,4.4,12,974.4,0.1,120
2026-08-05T06:00,26.2,97,2.9,43,974.6,1.1,70
2026-08-05T07:00,26.9,95,1.8,354,974.7,0,130
2026-08-05T08:00,28.1,89,2.2,325,974.8,0,250
2026-08-05T09:00,29.9,78,4.1,322,974.8,0,575
2026-08-05T10:00,31.1,70,5,316,974.7,0,820
2026-08-05T11:00,31.3,71,4.8,292,974.9,0,1055
2026-08-05T12:00,30.7,72,5.3,280,973.6,0,765
2026-08-05T13:00,31.5,67,6.1,289,973.3,0,965
2026-08-05T14:00,31.8,65,7.2,292,972.4,0,995
2026-08-05T15:00,32.5,63,6.6,296,972,0,1040
2026-08-05T16:00,32.4,63,4.8,295,971.5,0,1065
2026-08-05T17:00,29.9,82,7.7,91,971.8,0,355
2026-08-05T18:00,28.5,88,5.4,250,972.2,0.5,260
2026-08-05T19:00,28.3,88,5.6,187,973.3,0.1,195
2026-08-05T20:00,28.1,90,7.2,179,973.8,0.1,170
2026-08-05T21:00,27.8,92,4.1,182,974.3,0,115
2026-08-05T22:00,27.7,94,4.2,155,974.4,0,100
2026-08-05T23:00,27.3,99,3.7,101,973.9,0,80
2026-08-06T00:00,27.8,98,3.1,208,973.5,3,65
2026-08-06T01:00,27.3,90,3.5,159,973.5,2,115
2026-08-06T02:00,27,96,2.2,189,973,0.5,55
2026-08-06T03:00,27,97,4.5,209,972.8,0,145
2026-08-06T04:00,26.9,96,7.8,233,973.3,0,195
2026-08-06T05:00,27.1,95,5.7,101,972.8,0,185
2026-08-06T06:00,27.3,93,3.8,98,973.8,0.4,90
2026-08-06T07:00,27.5,90,6.4,119,974.4,0.3,305
2026-08-06T08:00,27.4,91,6.6,119,975.2,1,405
2026-08-06T09:00,27.1,90,4.2,115,975.9,1.1,310
2026-08-06T10:00,26.9,89,1.7,108,975.9,1.6,205
2026-08-06T11:00,27,84,5,64,975.8,0.8,245
2026-08-06T12:00,27.7,80,4,360,975.4,0.6,390
2026-08-06T13:00,27.4,82,5.4,330,974.8,0.3,280
2026-08-06T14:00,27.2,83,5.7,319,974.1,0.2,270
2026-08-06T15:00,27,84,4.8,331,973.9,0.3,325
2026-08-06T16:00,27.5,82,6.3,325,973.5,0.1,385
2026-08-06T17:00,27.7,87,7.8,5,973.2,0,585
2026-08-06T18:00,27.4,90,6.4,8,973.4,0.5,480
2026-08-06T19:00,27.2,91,4.9,354,973.9,0.1,365
2026-08-06T20:00,27,93,5.2,4,974.3,0,285
2026-08-06T21:00,26.9,93,5.6,29,974.9,0,335
2026-08-06T22:00,26.9,93,3.9,53,974.9,0,350
2026-08-06T23:00,26.7,93,8.4,74,974.8,0,385
2026-08-07T00:00,26,97,8.1,86,974.5,0.5,290
2026-08-07T01:00,25.8,97,3.6,70,974.3,1.4,160
2026-08-07T02:00,25.7,99,4.1,358,973.9,0.5,95
2026-08-07T03:00,25.8,98,5.2,6,973.7,0,140
2026-08-07T04:00,25.8,96,5.4,6,973.8,0,220
2026-08-07T05:00,26.1,97,7.5,57,973.4,1.8,240
2026-08-07T06:00,25.6,93,3.6,319,973.8,2.2,140
2026-08-07T07:00,26,96,5.6,40,974.2,2.3,190
2026-08-07T08:00,26.4,96,9.1,25,974.6,2.3,490
2026-08-07T09:00,26.5,95,11,24,974.7,2.5,590
2026-08-07T10:00,26.9,93,10.3,35,974.9,3.4,690
2026-08-07T11:00,27.8,89,11.2,35,974.7,1,530
2026-08-07T12:00,26.1,96,13.8,53,974.1,12,470
2026-08-07T13:00,26.9,95,14.4,53,973.4,2.4,555
2026-08-07T14:00,27.8,92,11.4,33,972.9,0.9,465
2026-08-07T15:00,29.1,80,11.1,22,972.5,0.3,605
2026-08-07T16:00,28.7,81,12.5,20,972.3,0.3,675
2026-08-07T17:00,27,93,10.2,24,972.6,4.9,360
2026-08-07T18:00,26.7,95,9.2,39,972.6,1.6,425
2026-08-07T19:00,26.3,95,8.2,50,973.5,1.4,350
2026-08-07T20:00,26.5,93,10.5,35,974.2,0.1,475
2026-08-07T21:00,25.6,97,12.7,47,974.9,0.9,435
2026-08-07T22:00,25.4,97,10.1,40,975.1,3,380
2026-08-07T23:00,25.6,97,8.9,61,975.1,12.6,245
2026-08-08T00:00,25.9,96,7.4,26,974.5,2.7,225
2026-08-08T01:00,25.9,96,10.1,25,974,0.3,310
2026-08-08T02:00,25.1,97,8.7,38,974,0.7,360
2026-08-08T03:00,24.7,99,7.9,13,974,5.6,285
2026-08-08T04:00,24.6,99,7.7,16,974,6.4,265
2026-08-08T05:00,25.6,97,8.4,99,973.8,0.2,520
2026-08-08T06:00,25.6,96,11.7,104,974.4,6,425
2026-08-08T07:00,25.7,96,9.9,78,974.8,1.2,295
2026-08-08T08:00,27,93,7,80,975.4,0.3,465
2026-08-08T09:00,29.2,87,7.7,91,975.8,0.1,865
2026-08-08T10:00,30.7,78,12.9,113,975.7,0.1,1150
2026-08-08T11:00,29.6,78,15.8,107,976.2,0.5,690
2026-08-08T12:00,31,74,11.1,113,976,0.8,1110
2026-08-08T13:00,30.2,75,14.1,127,975.5,1.4,755
2026-08-08T14:00,30.6,76,6.9,113,974.4,0.7,765
2026-08-08T15:00,32.1,68,8.2,122,974,0.1,955
2026-08-08T16:00,31.2,72,8.8,121,973.3,0.4,430
2026-08-08T17:00,30.9,75,8.8,116,974.2,1.3,715
2026-08-08T18:00,30,80,6.8,115,974.3,0.1,575
2026-08-08T19:00,29.2,84,5.3,123,974.7,0,375
2026-08-08T20:00,28.9,87,3.4,133,975.6,0,180
2026-08-08T21:00,28.7,88,6,106,976.4,0,255
2026-08-08T22:00,28.5,89,4.3,92,977,0,245
2026-08-08T23:00,29.1,88,1.2,27,976.7,0,55
2026-08-09T00:00,28.6,89,2.9,47,976.6,0.2,85
2026-08-09T01:00,28.3,90,3,123,976.4,0.2,185
2026-08-09T02:00,28.2,88,2.8,79,976.3,0.1,210
2026-08-09T03:00,26.7,95,8.3,92,976.3,0.7,225
2026-08-09T04:00,26.2,94,8.3,103,976.3,0.4,165
2026-08-09T05:00,25.1,99,4.4,78,976.4,0.1,80
2026-08-09T06:00,25.7,96,4.2,100,976.6,0.1,55
2026-08-09T07:00,27,94,2.7,48,977.1,0,95
2026-08-09T08:00,28.9,88,4,87,977.4,0,340
2026-08-09T09:00,30.5,79,6.1,104,977.6,0.1,695
2026-08-09T10:00,31.4,75,7.6,118,977.9,0.1,1020
2026-08-09T11:00,31.2,73,8.4,121,977.2,0,460
2026-08-09T12:00,32.5,67,6.8,117,976.8,0.4,1150
2026-08-09T13:00,33.2,64,5.1,132,976.2,0,1150
2026-08-09T14:00,33.7,63,4.8,115,975.3,0,1175
2026-08-09T15:00,33.8,62,2.2,81,974.6,0,1215
2026-08-09T16:00,33.6,62,3.6,45,974,0,1165
2026-08-09T17:00,32.9,65,6.7,189,973.8,0.6,350
2026-08-09T18:00,31.5,76,2.3,360,974.3,0,30
2026-08-09T19:00,30.6,81,4.2,78,974.9,0,125
2026-08-09T20:00,30.1,83,4.6,135,975.3,0,120
2026-08-09T21:00,29.8,84,4.4,148,976.2,0,110
2026-08-09T22:00,29.5,83,5.2,121,976.5,0,135
2026-08-09T23:00,29.9,83,3.5,125,976,0,90
2026-08-10T00:00,28.8,86,3.7,191,975.7,0.1,100
2026-08-10T01:00,27.4,89,10.8,349,975.6,0.9,165
2026-08-10T02:00,26.5,94,4.6,9,975.1,0.3,50
2026-08-10T03:00,26.8,94,4.7,86,974.7,0,55
2026-08-10T04:00,27.1,94,5.5,77,975.2,0,100
2026-08-10T05:00,27.7,90,8.5,119,975,0,320
2026-08-10T06:00,26.8,92,7.8,119,975.8,0.2,380
2026-08-10T07:00,27.1,92,6.1,95,975.9,0.3,215
2026-08-10T08:00,28.2,87,6.7,114,976.3,0,325
2026-08-10T09:00,29.6,82,6.8,125,976.5,0,480
2026-08-10T10:00,30.9,77,4.9,114,976.6,0,655
2026-08-10T11:00,32.9,66,6,139,976.2,0,1175
2026-08-10T12:00,33.2,64,5.5,131,975.8,0,1365
2026-08-10T13:00,31.9,70,8.4,99,975.5,0,635
2026-08-10T14:00,27.7,93,3.3,68,974.9,4.8,165
2026-08-10T15:00,28.8,86,0.9,307,974.7,0.8,380
2026-08-10T16:00,28.9,86,2.7,352,973.9,0.2,330
2026-08-10T17:00,29.4,88,6.4,27,974.1,0,350
2026-08-10T18:00,29.2,89,7,44,974.4,0.1,360
2026-08-10T19:00,28.7,90,7.1,63,974.7,0,305
2026-08-10T20:00,28.5,91,5.5,79,975.7,0,270
2026-08-10T21:00,28.3,92,4.5,95,976.3,0,270
2026-08-10T22:00,28.1,93,4.4,83,976.1,0,270
2026-08-10T23:00,27.8,98,8.2,61,975.2,0,210
2026-08-11T00:00,27.7,94,9.7,91,975.1,0.2,380
2026-08-11T01:00,27.3,96,8.8,113,975,0.1,355
2026-08-11T02:00,27.2,96,9.2,106,975,0,375
2026-08-11T03:00,27.1,96,8.3,106,974.7,0.1,375
2026-08-11T04:00,27,91,8.1,127,975.1,0.3,335
2026-08-11T05:00,26.7,95,8.1,149,975.4,0.3,360
2026-08-11T06:00,26.8,95,7.6,128,975.6,0,345
2026-08-11T07:00,27.6,89,8.5,159,976.2,0,430
2026-08-11T08:00,28.6,85,6.9,163,976.6,0,485
2026-08-11T09:00,29.5,82,5.9,157,976.9,0,595
2026-08-11T10:00,30.2,81,4.3,114,977.1,0.1,700
2026-08-11T11:00,30.4,81,2.2,104,976.9,0.3,590
2026-08-11T12:00,28.6,88,7.2,63,976.5,2.8,345
2026-08-11T13:00,27.9,92,5.1,80,976.1,5.4,265
2026-08-11T14:00,28.5,91,3.6,60,975.3,1.4,375
2026-08-11T15:00,29.9,83,5.2,56,974.2,0.3,470
2026-08-11T16:00,30.4,79,4.8,34,973.9,0,645
2026-08-11T17:00,30.1,79,4.2,80,974.4,0.1,445
2026-08-11T18:00,29.8,82,3.1,90,974.2,0,115
2026-08-11T19:00,29.1,88,2.1,160,974.8,0.5,35
2026-08-11T20:00,28.8,90,3.2,109,975.6,0.5,90
2026-08-11T21:00,28.5,92,2.9,137,976.5,0.1,70
2026-08-11T22:00,28.1,94,3.9,152,976.6,0,85
2026-08-11T23:00,28.4,90,5.5,134,976.2,0,125
2026-08-12T00:00,28.1,92,3.7,169,976.1,0,90
2026-08-12T01:00,28.1,92,0.3,315,976.1,0,10
2026-08-12T02:00,27.7,94,2.7,48,976,0,45
2026-08-12T03:00,27.4,93,4.3,62,976.1,0,95
2026-08-12T04:00,27.2,94,2.9,68,976.2,0,90
2026-08-12T05:00,27.5,97,1.5,76,976,0,65
2026-08-12T06:00,27.6,95,2.8,35,976.3,0,85
2026-08-12T07:00,28.6,92,2.9,349,976.6,0,190
2026-08-12T08:00,29.9,83,2.9,349,977.1,0,390
2026-08-12T09:00,31,75,3.6,357,977.3,0.1,620
2026-08-12T10:00,31.8,71,2.9,11,977.2,0.3,755
2026-08-12T11:00,32.9,65,4.2,350,976.9,0.3,980
2026-08-12T12:00,33.4,64,3.7,337,976.5,0.1,1050
2026-08-12T13:00,33.9,62,2.5,339,975.6,0.1,1070
2026-08-12T14:00,34.2,61,0.8,27,975,0.1,1115
2026-08-12T15:00,34.4,60,0.8,243,974.7,0,1205
2026-08-12T16:00,34.2,61,1.5,256,974,0,1260
2026-08-12T17:00,33.5,67,1.9,214,974.4,0.3,580
2026-08-12T18:00,29.6,88,11.1,240,975.3,0.7,185
2026-08-12T19:00,28.4,93,10.1,237,976.4,0,225
2026-08-12T20:00,27.9,92,2.2,222,976.5,0,65
2026-08-12T21:00,28,93,5.6,225,977.5,0,75
2026-08-12T22:00,27.9,94,6.5,182,977.9,0,95
2026-08-12T23:00,29.5,87,5.7,171,977.7,0,115
2026-08-13T00:00,28.9,89,4,185,977.9,0,70
2026-08-13T01:00,28.7,89,3.8,211,977.1,0,60
2026-08-13T02:00,28.4,89,6,245,976.6,0,80
2026-08-13T03:00,28.1,91,6.3,275,976.6,0,130
2026-08-13T04:00,27.7,94,4,270,976.3,0,115
2026-08-13T05:00,26.7,97,5,257,976.3,0,95
2026-08-13T06:00,26.4,98,9.2,250,976.8,0.6,120
2026-08-13T07:00,27.8,95,6.7,289,976.8,0,100
2026-08-13T08:00,29.9,83,3.6,327,976.7,0,165
2026-08-13T09:00,31.6,76,3.1,329,976.9,0,505
2026-08-13T10:00,32.7,70,1.3,352,977.2,0,940
2026-08-13T11:00,33.2,66,2.5,315,977.3,0.2,945
2026-08-13T12:00,33.6,65,2.2,265,976.8,0,1140
2026-08-13T13:00,31.5,73,7.8,241,976.1,1.1,460
2026-08-13T14:00,32.6,71,2.1,239,975.5,0.3,550
2026-08-13T15:00,33.3,67,6,295,974.7,0.2,845
2026-08-13T16:00,33.2,67,5.4,290,974,0,860
2026-08-13T17:00,30.9,86,6.7,59,974.4,0.2,245
2026-08-13T18:00,30.8,84,1.3,34,974.7,0,225
2026-08-13T19:00,30.2,88,3,163,975.3,0,65
2026-08-13T20:00,30,90,3.1,216,975.9,0,55
2026-08-13T21:00,30.1,88,3,213,976.5,0,65
2026-08-13T22:00,29.9,86,4.2,211,976.5,0,75
2026-08-13T23:00,30.2,88,2.7,212,975.9,0,50
2026-08-14T00:00,29.7,89,3.6,225,975.6,0,65
2026-08-14T01:00,29.3,89,3.4,227,975.4,0,60
2026-08-14T02:00,28.9,90,4.4,243,975.2,0,70
2026-08-14T03:00,28.7,90,4.7,247,974.9,0,90
2026-08-14T04:00,28.4,91,4.8,255,975.1,0,95
2026-08-14T05:00,27.1,97,2,207,975.1,0,40
2026-08-14T06:00,27,97,3.5,99,976.1,1.6,40
2026-08-14T07:00,27.6,94,3.8,149,976.7,1.1,110
2026-08-14T08:00,28.4,90,1.9,163,977.4,0.3,300
2026-08-14T09:00,28.7,88,3.9,286,977.3,0.1,380
2026-08-14T10:00,30,80,2.4,279,977.4,0,575
2026-08-14T11:00,30.2,80,4.7,288,977.9,0.1,580
2026-08-14T12:00,30.6,81,2.4,347,978.2,1,620
2026-08-14T13:00,30.9,80,1.7,72,977.5,0.4,705
2026-08-14T14:00,30.3,81,3.8,19,977.2,0.4,520
2026-08-14T15:00,27.6,92,1.8,186,976.9,5.4,95
2026-08-14T16:00,28,91,2.3,176,975.9,1,190
2026-08-14T17:00,30.1,79,4,69,975.6,0.2,380
2026-08-14T18:00,29.5,82,3.5,81,975.8,0,210
2026-08-14T19:00,28.8,87,4.3,75,976.3,0,170
2026-08-14T20:00,28.4,89,6,95,976.8,0,240
2026-08-14T21:00,28,91,3,142,977.5,0,145
2026-08-14T22:00,27.8,92,3.8,169,977.4,0,115
2026-08-14T23:00,28,89,3.8,185,976.9,0,150
2026-08-15T00:00,27.7,92,2.1,195,976.9,0,100
2026-08-15T01:00,27.4,93,1.8,246,976.8,0,60
2026-08-15T02:00,27.2,95,2.2,204,976.9,0,70
2026-08-15T03:00,27.1,95,3.8,180,976.5,0,85
2026-08-15T04:00,27,95,1.9,197,976.7,0,60
2026-08-15T05:00,26.5,97,6.6,215,977,0,150
2026-08-15T06:00,26.6,97,2.8,220,977.4,1,90
2026-08-15T07:00,26.8,98,2.8,63,977.7,1,70
2026-08-15T08:00,27.5,95,3.1,97,978.2,0.5,145
2026-08-15T09:00,28.3,90,3.2,87,978.4,0.1,225
2026-08-15T10:00,29.7,84,0.4,297,978.4,0,350
2026-08-15T11:00,31.8,73,6,314,978.2,0.1,935
2026-08-15T12:00,31.9,74,8.5,318,977.4,0.6,1070
2026-08-15T13:00,31.1,81,7.6,360,977,0.9,660
2026-08-15T14:00,32.2,73,4.1,345,976,0.2,900
2026-08-15T15:00,32.5,68,7.5,320,975.1,0.1,965
2026-08-15T16:00,32.4,67,6.4,306,974.5,0,920
2026-08-15T17:00,31.6,74,8.2,320,974.3,0,480
2026-08-15T18:00,31.2,79,4.2,265,974.6,0,345
2026-08-15T19:00,30.5,84,4.6,234,975.1,0,145
2026-08-15T20:00,30,87,4.1,236,975.7,0,110
2026-08-15T21:00,29.7,87,4.5,241,976.1,0,100
2026-08-15T22:00,29.2,88,3.6,229,976.3,0,80
2026-08-15T23:00,29,86,8.3,221,975.9,0,230
2026-08-16T00:00,28.7,89,7.6,227,975.8,0,235
2026-08-16T01:00,28.6,89,7,247,975.3,0,280
2026-08-16T02:00,28.4,88,5.5,297,974.9,0.1,295
2026-08-16T03:00,26.2,94,4,339,974.7,2.9,45
2026-08-16T04:00,26.4,95,7.9,246,974.6,0.3,85
2026-08-16T05:00,27.9,87,10.4,271,974.4,0,410
2026-08-16T06:00,27.9,85,8.8,289,975.3,0.1,335
2026-08-16T07:00,28.3,84,8.6,268,975.6,0.2,445
2026-08-16T08:00,29.4,79,8.3,269,976,0.1,530
2026-08-16T09:00,30.5,74,8.6,280,976.1,0,595
2026-08-16T10:00,31.9,69,8.2,284,976.1,0,760
2026-08-16T11:00,32.8,64,8.4,301,976,0,910
2026-08-16T12:00,33.1,64,7.5,310,975.5,0.2,1135
2026-08-16T13:00,33.3,64,6.4,310,975.3,0,1190
2026-08-16T14:00,33.1,65,7.7,270,974.4,0,1035
2026-08-16T15:00,33.3,64,9,269,973.7,0.1,1060
2026-08-16T16:00,33.1,64,9.4,272,973.4,0.1,1090
2026-08-16T17:00,31.9,74,4.9,280,974.2,0.1,495
2026-08-16T18:00,31,79,3.1,280,974.4,0,170
2026-08-16T19:00,30.3,83,4.3,197,974.9,0.4,125
2026-08-16T20:00,29.6,87,4.3,156,975.6,0.3,105
2026-08-16T21:00,29.2,88,6.7,183,976.2,0,125
2026-08-16T22:00,29,88,5.6,205,976.3,0,125
2026-08-16T23:00,29.1,86,6.1,204,975.7,0,80
2026-08-17T00:00,28.5,86,8,214,975.4,0,100
2026-08-17T01:00,28.3,86,6.7,301,975.4,0,145
2026-08-17T02:00,27.9,88,6.2,249,974.9,0,105
2026-08-17T03:00,27.8,86,8,252,974.9,0,245
2026-08-17T04:00,27.5,83,8.5,253,974.8,0,275
2026-08-17T05:00,28.4,79,11.6,257,975.2,0,465
2026-08-17T06:00,28,80,10.1,266,975.9,0,450
2026-08-17T07:00,28.6,79,10.1,275,976.4,0,550
2026-08-17T08:00,29.5,76,10.3,311,976.9,0,790
2026-08-17T09:00,30.3,74,8.6,296,977.1,0,785
2026-08-17T10:00,31.3,71,8.8,289,977.5,0,885
2026-08-17T11:00,32.5,65,11,296,977.3,0,1060
2026-08-17T12:00,33,64,9.3,294,976.7,0,1155
2026-08-17T13:00,31.6,68,8.3,294,976.2,0.1,585
2026-08-17T14:00,30.3,75,2.3,129,975.7,1.8,255
2026-08-17T15:00,31,75,3.3,119,975.1,0.1,300
2026-08-17T16:00,30.7,78,6.7,177,974.5,0.2,305
2026-08-17T17:00,27.4,94,11.7,284,975.5,0.6,250
2026-08-17T18:00,27.3,93,3.3,174,975.2,1.7,55
2026-08-17T19:00,27.5,92,3.9,152,975.7,0,65
2026-08-17T20:00,27.7,91,1.9,197,976.4,0,25
2026-08-17T21:00,27.9,90,3.1,190,976.9,0,35
2026-08-17T22:00,28.1,87,3.9,202,977.3,0,50
2026-08-17T23:00,28.7,87,2.7,278,977.1,0,65
2026-08-18T00:00,28.2,88,2.9,223,976.9,0,40
2026-08-18T01:00,28,86,5.3,232,976.6,0,110
2026-08-18T02:00,27.8,83,4.7,252,976.3,0,130
2026-08-18T03:00,27.5,83,4.7,254,976.2,0,115
2026-08-18T04:00,27.2,84,5.9,252,976.4,0,135
2026-08-18T05:00,28,79,8.5,271,976.1,0,400
2026-08-18T06:00,27.7,81,5.3,282,976.7,0,425
2026-08-18T07:00,28.5,77,3.8,281,977.6,0,515
2026-08-18T08:00,29.3,75,8.5,264,977.7,0,570
2026-08-18T09:00,30.4,72,7.1,277,978.2,0,720
2026-08-18T10:00,31.3,68,7.3,281,978.4,0,780
2026-08-18T11:00,32.3,63,7.3,293,978.7,0,1005
2026-08-18T12:00,32.9,61,5.7,288,978.2,0,1085
2026-08-18T13:00,33.1,60,6,277,977.5,0.1,1175
2026-08-18T14:00,33,62,5,272,976.9,0.1,1300
2026-08-18T15:00,33,62,4.2,250,976.1,0,1345
2026-08-18T16:00,32.5,64,5.4,249,975.5,0.1,915
2026-08-18T17:00,32.3,65,4.7,274,975.7,0.5,750
2026-08-18T18:00,31.7,68,0.9,127,976.5,0.1,15
2026-08-18T19:00,29.9,78,4.9,98,977.2,0,230
2026-08-18T20:00,28.1,82,1.2,129,978.2,1,50
2026-08-18T21:00,25.5,94,9.6,131,978.4,0.9,100
2026-08-18T22:00,25.9,91,4.6,159,978.3,0.2,50
2026-08-18T23:00,27.3,91,4.2,185,977.9,0,75
2026-08-19T00:00,27.4,89,0.6,326,977.7,0,15
2026-08-19T01:00,27.1,91,1.6,276,977.1,0,25
2026-08-19T02:00,27,90,1.5,277,977.1,0,25
2026-08-19T03:00,27,90,0.6,236,976.8,0,15
2026-08-19T04:00,26.9,91,0.6,214,977.3,0,15
2026-08-19T05:00,27.8,88,4,275,976.8,0,105
2026-08-19T06:00,27.8,85,6.7,272,977.5,0,215
2026-08-19T07:00,28.5,82,4.6,296,978.2,0,330
2026-08-19T08:00,29.5,77,4.6,306,978.8,0,510
2026-08-19T09:00,30.5,73,5,316,979.2,0,660
2026-08-19T10:00,31.4,68,3.6,333,979,0,790
2026-08-19T11:00,32.5,61,7.5,340,979.1,0,1120
2026-08-19T12:00,32.5,60,5.2,358,978.5,0.1,1075
2026-08-19T13:00,32.8,59,4,342,978,0.2,1140
2026-08-19T14:00,33,58,3.1,339,977.3,0.2,1070
2026-08-19T15:00,33.2,58,1.8,315,976.7,0.1,1180
2026-08-19T16:00,33,57,2.5,278,976.2,0,1190
2026-08-19T17:00,28.9,87,3.2,87,977.4,0,120
2026-08-19T18:00,28.3,93,5,109,977.2,3.2,120
2026-08-19T19:00,28,94,4.3,163,977.5,1.2,85
2026-08-19T20:00,27.8,96,3.9,164,978.3,0.2,60
2026-08-19T21:00,27.6,95,5.2,160,978.8,0,65
2026-08-19T22:00,27.7,94,3.3,119,978.7,0,60
2026-08-19T23:00,28.8,95,5.8,164,978.5,0,95
2026-08-20T00:00,28.1,94,4.3,163,978.2,0.1,95
2026-08-20T01:00,27.7,94,6.7,316,978.4,0.1,155
2026-08-20T02:00,26.9,97,2.9,277,978,0.3,40
2026-08-20T03:00,27,97,5.7,342,977.9,0.1,95
2026-08-20T04:00,27,96,1.3,286,977.9,0,40
2026-08-20T05:00,26.9,96,6,287,978,0,250
2026-08-20T06:00,26.8,95,7.5,297,978.2,1.3,270
2026-08-20T07:00,27.2,92,7.2,271,979.1,0.3,245
2026-08-20T08:00,27.3,89,7.2,266,979.5,0.1,245
2026-08-20T09:00,27.9,84,7.2,252,980,0,270
2026-08-20T10:00,28.6,81,5.1,274,980.1,0,345
2026-08-20T11:00,30.9,71,2.4,318,979.6,0,640
2026-08-20T12:00,31.8,67,4,297,978.9,0,780
2026-08-20T13:00,32.7,63,4.6,312,978.3,0,1000
2026-08-20T14:00,33,61,3.9,298,977.1,0,1130
2026-08-20T15:00,33.2,61,4.1,299,976.6,0,1155
2026-08-20T16:00,33,61,3.6,288,976,0,1115
2026-08-20T17:00,28.8,93,6.7,172,976.4,0.1,125
2026-08-20T18:00,28.4,94,5.1,176,977,1.3,145
2026-08-20T19:00,28,95,4.8,202,977,0.6,110
2026-08-20T20:00,27.9,95,3.7,209,977.5,0.2,95
2026-08-20T21:00,27.8,92,4.2,220,978,0,95
2026-08-20T22:00,27.5,92,6.1,223,978,0,100
2026-08-20T23:00,29.3,94,3.1,246,977.5,0,60
2026-08-21T00:00,28.6,94,6.2,280,977.7,0,130
2026-08-21T01:00,28.4,92,4,262,977.2,0.2,90
2026-08-21T02:00,28.1,90,5.6,274,976.7,0,115
2026-08-21T03:00,27.9,91,5.9,290,976.6,0,140
2026-08-21T04:00,27.6,94,4.6,281,976.7,0,130
2026-08-21T05:00,27.2,97,10.2,321,977,0,430
2026-08-21T06:00,27.1,92,6,307,977,0,240
2026-08-21T07:00,27.7,86,5.4,290,977.9,0,320
2026-08-21T08:00,29.1,80,7.3,286,978.6,0,605
2026-08-21T09:00,30.5,71,10.7,290,978.4,0,665
2026-08-21T10:00,31.8,67,10.2,296,978.6,0,810
2026-08-21T11:00,33.1,61,11.1,314,978.4,0,1115
2026-08-21T12:00,33.6,59,11.1,316,977.7,0,1285
2026-08-21T13:00,33.6,59,9.7,315,976.8,0,1220
2026-08-21T14:00,33.6,58,9.6,307,975.8,0,1215
2026-08-21T15:00,33.5,57,10.2,307,975.3,0.1,1215
2026-08-21T16:00,32.5,62,11.1,309,974.9,0.6,960
2026-08-21T17:00,32.5,67,6.7,308,974.8,0,790
2026-08-21T18:00,31.6,74,5.9,256,975,0,325
2026-08-21T19:00,30.5,78,5.8,244,975.6,0,165
2026-08-21T20:00,30,80,5,257,976,0,125
2026-08-21T21:00,29.6,83,3.7,247,976.5,0,85
2026-08-21T22:00,29.3,84,4.3,228,976.6,0,75
2026-08-21T23:00,27.8,90,4.1,293,976.5,0,60
2026-08-22T00:00,27.7,92,8,186,976.2,0.1,70
2026-08-22T01:00,27.1,92,9.4,183,976.2,0,145
2026-08-22T02:00,25.5,94,2.8,27,976.8,2.8,50
2026-08-22T03:00,25,99,6.1,168,975.7,2.8,80
2026-08-22T04:00,25.2,98,7.2,217,975.9,0.2,85
2026-08-22T05:00,26,94,2.4,234,976.6,0.1,155
2026-08-22T06:00,26.7,93,5.8,309,977,0.2,165
2026-08-22T07:00,27.7,92,3.6,225,977.8,0,505
2026-08-22T08:00,29.1,82,6.6,291,978,0,790
2026-08-22T09:00,30.5,72,9.3,283,978.2,0,770
2026-08-22T10:00,31.6,67,9.2,269,978.3,0,825
2026-08-22T11:00,32,65,9.1,311,978.4,0,1150
2026-08-22T12:00,32.6,62,8.4,305,977.6,0,1220
2026-08-22T13:00,33,62,7.7,303,976.7,0.1,1315
2026-08-22T14:00,33.3,61,8,310,975.8,0,1350
2026-08-22T15:00,32.8,63,8.9,312,975.2,0.2,1220
2026-08-22T16:00,31,68,10,340,974.6,0.1,600
2026-08-22T17:00,29.8,80,4.1,311,975.4,1.1,160
2026-08-22T18:00,30.1,83,2.2,138,975.5,0.2,30
2026-08-22T19:00,28.5,89,8.9,173,976.1,0.1,215
2026-08-22T20:00,27.9,89,4.7,187,976.5,0,85
2026-08-22T21:00,27.6,89,4.8,200,977.1,0,75
2026-08-22T22:00,27.3,87,7.3,197,977.4,0,135
2026-08-22T23:00,28.5,85,7.3,171,977.4,0,120
2026-08-23T00:00,28,85,7.3,173,977.1,0,160
2026-08-23T01:00,27.7,89,7.2,198,977.1,0.1,210
2026-08-23T02:00,27.3,92,8.6,213,976.6,0,185
2026-08-23T03:00,27,92,6.9,223,976.5,0,160
2026-08-23T04:00,26.8,91,4.1,255,976.7,0,110
2026-08-23T05:00,26.8,86,7.7,36,977.1,0.7,180
2026-08-23T06:00,24.7,98,8,155,977.9,4.5,90
2026-08-23T07:00,26.2,97,4.8,214,978,0.7,80
2026-08-23T08:00,28.2,85,2,275,978.6,0.1,185
2026-08-23T09:00,29.6,77,5.1,337,979.3,0,650
2026-08-23T10:00,29.5,78,6.8,318,979.7,1.6,535
2026-08-23T11:00,29.8,77,8.5,297,979.9,0.2,595
2026-08-23T12:00,30.8,73,9.6,298,979.2,0,720
2026-08-23T13:00,31.7,69,10.2,302,978.2,0.1,895
2026-08-23T14:00,32.2,66,10.4,309,977.2,0.1,995
2026-08-23T15:00,32.7,64,9,317,976.4,0.1,1040
2026-08-23T16:00,32.5,65,7.5,323,975.7,0,960
2026-08-23T17:00,32.4,68,7.7,324,975.4,0,960
2026-08-23T18:00,31.4,77,3.3,299,976.1,0,190
2026-08-23T19:00,30.5,80,3.6,276,976.7,0,75
2026-08-23T20:00,30.2,82,2.7,266,977.8,0,50
2026-08-23T21:00,30.1,84,1.1,279,978.6,0,25
2026-08-23T22:00,29.7,85,1.5,97,978.1,0,50
2026-08-23T23:00,28.3,89,1,292,978.5,0,15
2026-08-24T00:00,27.7,93,3.1,283,978,0.1,35
2026-08-24T01:00,27.4,93,6,265,977.3,0,60
2026-08-24T02:00,27.4,92,1.4,270,977.1,0,25
2026-08-24T03:00,25.9,93,8.9,228,977.2,0.5,115
2026-08-24T04:00,24.6,98,2.5,274,978,3.3,25
2026-08-24T05:00,26,97,10.8,266,977.9,1.3,275
2026-08-24T06:00,25.7,98,5.4,270,978.5,1.2,190
2026-08-24T07:00,26.5,93,1.7,283,978.7,0.3,120
2026-08-24T08:00,27.6,89,2.3,360,978.6,0,160
2026-08-24T09:00,29.1,82,1.8,270,979,0,280
2026-08-24T10:00,30.8,74,3,308,979,0,500
2026-08-24T11:00,29.5,77,4.8,285,979.2,0.1,150
2026-08-24T12:00,29.3,77,3.5,246,978.9,0.1,135
2026-08-24T13:00,30.2,72,3.8,275,977.9,0,200
2026-08-24T14:00,31.5,65,3.9,336,977.1,0,830
2026-08-24T15:00,31.7,65,5,311,976.4,0,750
2026-08-24T16:00,31.4,67,3.6,273,976.1,0,525
2026-08-24T17:00,31.1,73,5.3,325,975.8,0,645
2026-08-24T18:00,30.6,80,0.9,11,976.4,0,35
2026-08-24T19:00,30.3,81,1.2,141,976.9,0,20
2026-08-24T20:00,29.8,83,3.9,146,977.8,0,65
2026-08-24T21:00,29.2,85,6.1,148,978.5,0,140
2026-08-24T22:00,28.7,88,5.8,146,978.4,0,185
2026-08-24T23:00,28.5,89,4.2,140,977.8,0,135
2026-08-25T00:00,28.2,91,2.4,163,977.9,0,70
2026-08-25T01:00,28,92,1.9,209,977.5,0,40
2026-08-25T02:00,27.9,92,2.9,240,977.3,0,70
2026-08-25T03:00,27.8,92,2.1,239,977.4,0,70
2026-08-25T04:00,27.6,93,1.9,248,977.4,0,65
2026-08-25T05:00,26.2,97,2.1,290,978,0,90
2026-08-25T06:00,26.5,97,1.6,180,978.8,1.2,75
2026-08-25T07:00,26.6,97,4.5,270,978.7,0.9,135
2026-08-25T08:00,27.2,93,3.3,283,979,0.5,205
2026-08-25T09:00,28.5,88,1.6,27,979.3,0.1,255
2026-08-25T10:00,29.6,82,3.5,78,979.6,0,450
2026-08-25T11:00,30.9,70,2.9,79,979.5,0,790
2026-08-25T12:00,31.3,67,4.4,71,979.2,0,850
2026-08-25T13:00,32.2,63,3.2,47,978.4,0,930
2026-08-25T14:00,32.3,63,2.7,58,977.6,0,935
2026-08-25T15:00,32.6,62,2.8,72,976.9,0,1005
2026-08-25T16:00,32.4,63,1.5,69,976.6,0,945
2026-08-25T17:00,29,89,7.3,99,977.2,0,270
2026-08-25T18:00,28.9,89,3.9,156,977.5,0.5,185
2026-08-25T19:00,28.4,94,4.5,175,977.4,0.2,160
2026-08-25T20:00,28.3,93,4,177,978.2,0,105
2026-08-25T21:00,27.9,94,5,161,978.6,0,95
2026-08-25T22:00,27.6,92,6.7,171,978.4,0,105
2026-08-25T23:00,27.9,91,4.6,198,978.4,0,80
2026-08-26T00:00,27.5,92,3.6,225,978.2,0,70
2026-08-26T01:00,27.2,93,4.5,220,977.7,0,85
2026-08-26T02:00,27.1,94,3.5,215,977.5,0,80
2026-08-26T03:00,27,94,3.5,249,977.1,0,65
2026-08-26T04:00,26.9,94,2.9,266,977.2,0,65
2026-08-26T05:00,27.4,96,3.1,320,977.4,0,90
2026-08-26T06:00,26.5,94,6.3,167,977.9,1.2,145
2026-08-26T07:00,26.1,98,2.7,274,978.4,9,105
2026-08-26T08:00,26.6,96,1.5,187,978.7,1.7,105
2026-08-26T09:00,28.4,89,4.4,102,979.3,0.4,315
2026-08-26T10:00,29.5,84,3.9,112,979.6,0.2,555
2026-08-26T11:00,29.5,82,1.5,83,978.9,0.1,385
2026-08-26T12:00,30.5,80,5.4,214,978.3,0.1,470
2026-08-26T13:00,31.2,78,2.7,208,977.7,0,560
2026-08-26T14:00,32.1,71,2.3,274,976.5,0,820
2026-08-26T15:00,32.3,66,4,280,975.8,0.1,915
2026-08-26T16:00,31.8,69,4.6,283,975.2,0.2,600
2026-08-26T17:00,28.7,92,5.4,244,976,0.3,225
2026-08-26T18:00,28.8,91,2.8,195,975.9,0.1,100
2026-08-26T19:00,28.4,93,6,173,976,0.1,125
2026-08-26T20:00,28.2,93,7.8,185,976.4,0,150
2026-08-26T21:00,28,94,8.2,188,976.7,0,130
2026-08-26T22:00,27.8,93,6.8,198,977,0,125
2026-08-26T23:00,28.9,92,6.7,216,976.9,0,115
